"timestamp","value","state_context"
"2026-02-03 18:43:26.657+00","1","CYCLE_COUNT"
"2026-02-03 18:43:37.681+00","2","CYCLE_COUNT"
"2026-02-03 18:43:46.699+00","3","CYCLE_COUNT"
"2026-02-03 18:43:55.215+00","4","CYCLE_COUNT"
"2026-02-03 18:44:03.731+00","5","CYCLE_COUNT"
"2026-02-03 18:44:16.254+00","6","CYCLE_COUNT"
"2026-02-03 18:44:30.782+00","7","CYCLE_COUNT"
"2026-02-03 18:44:40.3+00","8","CYCLE_COUNT"
"2026-02-03 18:44:53.826+00","9","CYCLE_COUNT"
"2026-02-03 18:45:03.344+00","10","CYCLE_COUNT"
"2026-02-03 18:45:11.859+00","11","CYCLE_COUNT"
"2026-02-03 18:45:19.374+00","12","CYCLE_COUNT"
"2026-02-03 18:45:29.394+00","13","CYCLE_COUNT"
"2026-02-03 18:45:37.909+00","14","CYCLE_COUNT"
"2026-02-03 18:45:48.928+00","15","CYCLE_COUNT"
"2026-02-03 18:45:59.447+00","16","CYCLE_COUNT"
"2026-02-03 18:46:08.465+00","17","CYCLE_COUNT"
"2026-02-03 18:46:22.49+00","18","CYCLE_COUNT"
"2026-02-03 18:46:32.006+00","19","CYCLE_COUNT"
"2026-02-03 18:46:42.527+00","20","CYCLE_COUNT"
"2026-02-03 18:46:52.548+00","21","CYCLE_COUNT"
"2026-02-03 18:47:04.066+00","22","CYCLE_COUNT"
"2026-02-03 18:47:16.588+00","23","CYCLE_COUNT"
"2026-02-03 18:47:26.105+00","24","CYCLE_COUNT"
"2026-02-03 18:47:38.126+00","25","CYCLE_COUNT"
"2026-02-03 18:47:49.647+00","26","CYCLE_COUNT"
"2026-02-03 18:47:58.162+00","27","CYCLE_COUNT"
"2026-02-03 18:48:10.184+00","28","CYCLE_COUNT"
"2026-02-03 18:48:22.205+00","29","CYCLE_COUNT"
"2026-02-03 18:48:32.224+00","30","CYCLE_COUNT"
"2026-02-03 18:48:44.251+00","31","CYCLE_COUNT"
"2026-02-03 18:48:53.767+00","32","CYCLE_COUNT"
"2026-02-03 18:49:03.784+00","33","CYCLE_COUNT"
"2026-02-03 18:49:15.804+00","34","CYCLE_COUNT"
"2026-02-03 18:49:26.825+00","35","CYCLE_COUNT"
"2026-02-03 18:49:37.344+00","36","CYCLE_COUNT"
"2026-02-03 18:49:48.865+00","37","CYCLE_COUNT"
"2026-02-03 18:49:58.881+00","38","CYCLE_COUNT"
"2026-02-03 18:50:10.404+00","39","CYCLE_COUNT"
"2026-02-03 18:50:21.426+00","40","CYCLE_COUNT"
"2026-02-03 18:50:32.946+00","41","CYCLE_COUNT"
"2026-02-03 18:50:42.966+00","42","CYCLE_COUNT"
"2026-02-03 18:50:54.988+00","43","CYCLE_COUNT"
"2026-02-03 18:51:05.005+00","44","CYCLE_COUNT"
"2026-02-03 18:51:16.022+00","45","CYCLE_COUNT"
"2026-02-03 18:51:29.047+00","46","CYCLE_COUNT"
"2026-02-03 18:51:38.564+00","47","CYCLE_COUNT"
"2026-02-03 18:51:49.581+00","48","CYCLE_COUNT"
"2026-02-03 18:52:00.102+00","49","CYCLE_COUNT"
"2026-02-03 18:52:11.124+00","50","CYCLE_COUNT"
"2026-02-03 18:52:21.644+00","51","CYCLE_COUNT"
"2026-02-03 18:52:33.164+00","52","CYCLE_COUNT"
"2026-02-03 18:52:44.687+00","53","CYCLE_COUNT"
"2026-02-03 18:52:56.208+00","54","CYCLE_COUNT"
"2026-02-03 18:53:06.726+00","55","CYCLE_COUNT"
"2026-02-03 18:53:18.248+00","56","CYCLE_COUNT"
"2026-02-03 18:53:28.766+00","57","CYCLE_COUNT"
"2026-02-03 18:53:39.285+00","58","CYCLE_COUNT"
"2026-02-03 18:53:50.305+00","59","CYCLE_COUNT"
"2026-02-03 18:53:59.321+00","60","CYCLE_COUNT"
"2026-02-03 18:54:12.346+00","61","CYCLE_COUNT"
"2026-02-03 18:54:25.37+00","62","CYCLE_COUNT"
"2026-02-03 18:54:34.382+00","63","CYCLE_COUNT"
"2026-02-03 18:54:45.902+00","64","CYCLE_COUNT"
"2026-02-03 18:54:56.923+00","65","CYCLE_COUNT"
"2026-02-03 18:55:07.444+00","66","CYCLE_COUNT"
"2026-02-03 18:55:18.961+00","67","CYCLE_COUNT"
"2026-02-03 18:55:30.483+00","68","CYCLE_COUNT"
"2026-02-03 18:55:42.001+00","69","CYCLE_COUNT"
"2026-02-03 18:55:52.517+00","70","CYCLE_COUNT"
"2026-02-03 18:56:01.535+00","71","CYCLE_COUNT"
"2026-02-03 18:56:13.557+00","72","CYCLE_COUNT"
"2026-02-03 18:56:25.078+00","73","CYCLE_COUNT"
"2026-02-03 18:56:36.599+00","74","CYCLE_COUNT"
"2026-02-03 18:56:46.619+00","75","CYCLE_COUNT"
"2026-02-03 18:56:59.141+00","76","CYCLE_COUNT"
"2026-02-03 18:57:09.158+00","77","CYCLE_COUNT"
"2026-02-03 18:57:20.179+00","78","CYCLE_COUNT"
"2026-02-03 18:57:30.199+00","79","CYCLE_COUNT"
"2026-02-03 18:57:42.721+00","80","CYCLE_COUNT"
"2026-02-03 18:57:52.739+00","81","CYCLE_COUNT"
"2026-02-03 18:58:03.759+00","82","CYCLE_COUNT"
"2026-02-03 18:58:17.785+00","83","CYCLE_COUNT"
"2026-02-03 18:58:26.3+00","84","CYCLE_COUNT"
"2026-02-03 18:58:42.831+00","85","CYCLE_COUNT"
"2026-02-03 18:58:50.345+00","86","CYCLE_COUNT"
"2026-02-03 18:59:00.865+00","87","CYCLE_COUNT"
"2026-02-03 18:59:10.383+00","88","CYCLE_COUNT"
"2026-02-03 18:59:20.9+00","89","CYCLE_COUNT"
"2026-02-03 18:59:31.921+00","90","CYCLE_COUNT"
"2026-02-03 18:59:42.441+00","91","CYCLE_COUNT"
"2026-02-03 18:59:53.965+00","92","CYCLE_COUNT"
"2026-02-03 19:00:05.987+00","93","CYCLE_COUNT"
"2026-02-03 19:00:19.51+00","94","CYCLE_COUNT"
"2026-02-03 19:00:33.537+00","95","CYCLE_COUNT"
"2026-02-03 19:00:40.054+00","96","CYCLE_COUNT"
"2026-02-03 19:00:50.572+00","97","CYCLE_COUNT"
"2026-02-03 19:01:01.088+00","98","CYCLE_COUNT"
"2026-02-03 19:01:09.103+00","99","CYCLE_COUNT"
"2026-02-03 19:01:22.626+00","100","CYCLE_COUNT"
"2026-02-03 19:01:31.641+00","101","CYCLE_COUNT"
"2026-02-03 19:01:45.167+00","102","CYCLE_COUNT"
"2026-02-03 19:01:55.185+00","103","CYCLE_COUNT"
"2026-02-03 19:02:07.707+00","104","CYCLE_COUNT"
"2026-02-03 19:02:17.224+00","105","CYCLE_COUNT"
"2026-02-03 19:02:28.745+00","106","CYCLE_COUNT"
"2026-02-03 19:02:38.261+00","107","CYCLE_COUNT"
"2026-02-03 19:02:50.786+00","108","CYCLE_COUNT"
"2026-02-03 19:03:01.307+00","109","CYCLE_COUNT"
"2026-02-03 19:03:13.83+00","110","CYCLE_COUNT"
"2026-02-03 19:03:23.35+00","111","CYCLE_COUNT"
"2026-02-03 19:03:35.37+00","112","CYCLE_COUNT"
"2026-02-03 19:03:45.388+00","113","CYCLE_COUNT"
"2026-02-03 19:03:57.41+00","114","CYCLE_COUNT"
"2026-02-03 19:04:07.932+00","115","CYCLE_COUNT"
"2026-02-03 19:04:18.954+00","116","CYCLE_COUNT"
"2026-02-03 19:04:28.475+00","117","CYCLE_COUNT"
"2026-02-03 19:04:41.5+00","118","CYCLE_COUNT"
"2026-02-03 19:04:51.519+00","119","CYCLE_COUNT"
"2026-02-03 19:05:03.542+00","120","CYCLE_COUNT"
"2026-02-03 19:05:12.559+00","121","CYCLE_COUNT"
"2026-02-03 19:05:25.581+00","122","CYCLE_COUNT"
"2026-02-03 19:05:34.095+00","123","CYCLE_COUNT"
"2026-02-03 19:05:46.618+00","124","CYCLE_COUNT"
"2026-02-03 19:05:59.643+00","125","CYCLE_COUNT"
"2026-02-03 19:06:11.164+00","126","CYCLE_COUNT"
"2026-02-03 19:06:20.181+00","127","CYCLE_COUNT"
"2026-02-03 19:06:30.701+00","128","CYCLE_COUNT"
"2026-02-03 19:06:41.721+00","129","CYCLE_COUNT"
"2026-02-03 19:06:52.742+00","130","CYCLE_COUNT"
"2026-02-03 19:07:03.759+00","131","CYCLE_COUNT"
"2026-02-03 19:07:14.78+00","132","CYCLE_COUNT"
"2026-02-03 19:07:24.297+00","133","CYCLE_COUNT"
"2026-02-03 19:07:37.32+00","134","CYCLE_COUNT"
"2026-02-03 19:07:49.843+00","135","CYCLE_COUNT"
"2026-02-03 19:07:59.862+00","136","CYCLE_COUNT"
"2026-02-03 19:08:09.379+00","137","CYCLE_COUNT"
"2026-02-03 19:08:20.401+00","138","CYCLE_COUNT"
"2026-02-03 19:08:32.426+00","139","CYCLE_COUNT"
"2026-02-03 19:08:42.949+00","140","CYCLE_COUNT"
"2026-02-03 19:08:53.467+00","141","CYCLE_COUNT"
"2026-02-03 19:09:05.487+00","142","CYCLE_COUNT"
"2026-02-03 19:09:15.507+00","143","CYCLE_COUNT"
"2026-02-03 19:09:27.529+00","144","CYCLE_COUNT"
"2026-02-03 19:09:36.545+00","145","CYCLE_COUNT"
"2026-02-03 19:09:48.567+00","146","CYCLE_COUNT"
"2026-02-03 19:09:57.583+00","147","CYCLE_COUNT"
"2026-02-03 19:10:11.107+00","148","CYCLE_COUNT"
"2026-02-03 19:10:19.123+00","149","CYCLE_COUNT"
"2026-02-03 19:10:34.147+00","150","CYCLE_COUNT"
"2026-02-03 19:10:42.161+00","151","CYCLE_COUNT"
"2026-02-03 19:10:54.182+00","152","CYCLE_COUNT"
"2026-02-03 19:11:03.7+00","153","CYCLE_COUNT"
"2026-02-03 19:11:15.724+00","154","CYCLE_COUNT"
"2026-02-03 19:11:26.244+00","155","CYCLE_COUNT"
"2026-02-03 19:11:37.263+00","156","CYCLE_COUNT"
"2026-02-03 19:11:49.786+00","157","CYCLE_COUNT"
"2026-02-03 19:11:59.805+00","158","CYCLE_COUNT"
"2026-02-03 19:12:09.823+00","159","CYCLE_COUNT"
"2026-02-03 19:12:22.346+00","160","CYCLE_COUNT"
"2026-02-03 19:12:32.363+00","161","CYCLE_COUNT"
"2026-02-03 19:12:42.883+00","162","CYCLE_COUNT"
"2026-02-03 19:12:53.902+00","163","CYCLE_COUNT"
"2026-02-03 19:13:06.429+00","164","CYCLE_COUNT"
"2026-02-03 19:13:15.945+00","165","CYCLE_COUNT"
"2026-02-03 19:13:28.469+00","166","CYCLE_COUNT"
"2026-02-03 19:13:38.489+00","167","CYCLE_COUNT"
"2026-02-03 19:13:51.012+00","168","CYCLE_COUNT"
"2026-02-03 19:14:00.53+00","169","CYCLE_COUNT"
"2026-02-03 19:14:12.553+00","170","CYCLE_COUNT"
"2026-02-03 19:14:22.07+00","171","CYCLE_COUNT"
"2026-02-03 19:14:34.592+00","172","CYCLE_COUNT"
"2026-02-03 19:14:44.61+00","173","CYCLE_COUNT"
"2026-02-03 19:14:58.637+00","174","CYCLE_COUNT"
"2026-02-03 19:15:07.152+00","175","CYCLE_COUNT"
"2026-02-03 19:15:18.172+00","176","CYCLE_COUNT"
"2026-02-03 19:15:28.187+00","177","CYCLE_COUNT"
"2026-02-03 19:15:41.711+00","178","CYCLE_COUNT"
"2026-02-03 19:15:50.727+00","179","CYCLE_COUNT"
"2026-02-03 19:16:04.753+00","180","CYCLE_COUNT"
"2026-02-03 19:16:14.271+00","181","CYCLE_COUNT"
"2026-02-03 19:16:26.795+00","182","CYCLE_COUNT"
"2026-02-03 19:16:36.312+00","183","CYCLE_COUNT"
"2026-02-03 19:16:46.833+00","184","CYCLE_COUNT"
"2026-02-03 19:16:57.853+00","185","CYCLE_COUNT"
"2026-02-03 19:17:08.371+00","186","CYCLE_COUNT"
"2026-02-03 19:17:18.895+00","187","CYCLE_COUNT"
"2026-02-03 19:17:30.417+00","188","CYCLE_COUNT"
"2026-02-03 19:17:40.436+00","189","CYCLE_COUNT"
"2026-02-03 19:17:53.959+00","190","CYCLE_COUNT"
"2026-02-03 19:18:07.483+00","191","CYCLE_COUNT"
"2026-02-03 19:18:14.497+00","192","CYCLE_COUNT"
"2026-02-03 19:18:26.017+00","193","CYCLE_COUNT"
"2026-02-03 19:18:36.538+00","194","CYCLE_COUNT"
"2026-02-03 19:18:49.059+00","195","CYCLE_COUNT"
"2026-02-03 19:18:59.58+00","196","CYCLE_COUNT"
"2026-02-03 19:19:07.597+00","197","CYCLE_COUNT"
"2026-02-03 19:19:21.116+00","198","CYCLE_COUNT"
"2026-02-03 19:19:30.133+00","199","CYCLE_COUNT"
"2026-02-03 19:19:43.157+00","200","CYCLE_COUNT"
"2026-02-03 19:19:51.673+00","201","CYCLE_COUNT"
"2026-02-03 19:20:04.194+00","202","CYCLE_COUNT"
"2026-02-03 19:20:13.218+00","203","CYCLE_COUNT"
"2026-02-03 19:20:27.242+00","204","CYCLE_COUNT"
"2026-02-03 19:20:36.76+00","205","CYCLE_COUNT"
"2026-02-03 19:20:49.783+00","206","CYCLE_COUNT"
"2026-02-03 19:20:58.299+00","207","CYCLE_COUNT"
"2026-02-03 19:21:11.823+00","208","CYCLE_COUNT"
"2026-02-03 19:21:20.337+00","209","CYCLE_COUNT"
"2026-02-03 19:21:32.36+00","210","CYCLE_COUNT"
"2026-02-03 19:21:42.379+00","211","CYCLE_COUNT"
"2026-02-03 19:21:53.901+00","212","CYCLE_COUNT"
"2026-02-03 19:22:03.92+00","213","CYCLE_COUNT"
"2026-02-03 19:22:16.443+00","214","CYCLE_COUNT"
"2026-02-03 19:22:26.461+00","215","CYCLE_COUNT"
"2026-02-03 19:22:39.484+00","216","CYCLE_COUNT"
"2026-02-03 19:22:50.503+00","217","CYCLE_COUNT"
"2026-02-03 19:23:00.52+00","218","CYCLE_COUNT"
"2026-02-03 19:23:11.041+00","219","CYCLE_COUNT"
"2026-02-03 19:23:22.06+00","220","CYCLE_COUNT"
"2026-02-03 19:23:33.583+00","221","CYCLE_COUNT"
"2026-02-03 19:23:43.601+00","222","CYCLE_COUNT"
"2026-02-03 19:23:54.622+00","223","CYCLE_COUNT"
"2026-02-03 19:24:06.144+00","224","CYCLE_COUNT"
"2026-02-03 19:24:16.163+00","225","CYCLE_COUNT"
"2026-02-03 19:24:29.188+00","226","CYCLE_COUNT"
"2026-02-03 19:24:39.207+00","227","CYCLE_COUNT"
"2026-02-03 19:24:51.229+00","228","CYCLE_COUNT"
"2026-02-03 19:25:01.749+00","229","CYCLE_COUNT"
"2026-02-03 19:25:12.773+00","230","CYCLE_COUNT"
"2026-02-03 19:25:23.293+00","231","CYCLE_COUNT"
"2026-02-03 19:25:34.814+00","232","CYCLE_COUNT"
"2026-02-03 19:25:45.836+00","233","CYCLE_COUNT"
"2026-02-03 19:25:56.356+00","234","CYCLE_COUNT"
"2026-02-03 19:26:06.374+00","235","CYCLE_COUNT"
"2026-02-03 19:26:18.396+00","236","CYCLE_COUNT"
"2026-02-03 19:26:41.438+00","237","CYCLE_COUNT"
"2026-02-03 19:26:44.945+00","238","CYCLE_COUNT"
"2026-02-03 19:26:53.459+00","239","CYCLE_COUNT"
"2026-02-03 19:27:02.48+00","240","CYCLE_COUNT"
"2026-02-03 19:27:12.495+00","241","CYCLE_COUNT"
"2026-02-03 19:27:20.51+00","242","CYCLE_COUNT"
"2026-02-03 19:27:25.019+00","243","CYCLE_COUNT"
"2026-02-03 19:27:35.537+00","244","CYCLE_COUNT"
"2026-02-03 19:27:48.059+00","245","CYCLE_COUNT"
"2026-02-03 19:27:57.076+00","246","CYCLE_COUNT"
"2026-02-03 19:28:08.095+00","247","CYCLE_COUNT"
"2026-02-03 19:28:13.104+00","248","CYCLE_COUNT"
"2026-02-03 19:28:24.627+00","249","CYCLE_COUNT"
"2026-02-03 19:28:30.638+00","250","CYCLE_COUNT"
"2026-02-03 19:28:42.16+00","251","CYCLE_COUNT"
"2026-02-03 19:28:58.69+00","252","CYCLE_COUNT"
"2026-02-03 19:29:05.704+00","253","CYCLE_COUNT"
"2026-02-03 19:29:15.722+00","254","CYCLE_COUNT"
"2026-02-03 19:29:26.241+00","255","CYCLE_COUNT"
"2026-02-03 19:29:37.262+00","256","CYCLE_COUNT"
"2026-02-03 19:29:46.278+00","257","CYCLE_COUNT"
"2026-02-03 19:29:58.803+00","258","CYCLE_COUNT"
"2026-02-03 19:30:09.324+00","259","CYCLE_COUNT"
"2026-02-03 19:30:20.342+00","260","CYCLE_COUNT"
"2026-02-03 19:30:31.863+00","261","CYCLE_COUNT"
"2026-02-03 19:30:43.385+00","262","CYCLE_COUNT"
"2026-02-03 19:30:52.902+00","263","CYCLE_COUNT"
"2026-02-03 19:31:04.924+00","264","CYCLE_COUNT"
"2026-02-03 19:31:15.448+00","265","CYCLE_COUNT"
"2026-02-03 19:31:26.969+00","266","CYCLE_COUNT"
"2026-02-03 19:31:36.989+00","267","CYCLE_COUNT"
"2026-02-03 19:31:51.013+00","268","CYCLE_COUNT"
"2026-02-03 19:31:59.027+00","269","CYCLE_COUNT"
"2026-02-03 19:32:10.55+00","270","CYCLE_COUNT"
"2026-02-03 19:32:21.571+00","271","CYCLE_COUNT"
"2026-02-03 19:32:33.591+00","272","CYCLE_COUNT"
"2026-02-03 19:32:44.112+00","273","CYCLE_COUNT"
"2026-02-03 19:32:55.134+00","274","CYCLE_COUNT"
"2026-02-03 19:33:06.657+00","275","CYCLE_COUNT"
"2026-02-03 19:33:17.676+00","276","CYCLE_COUNT"
"2026-02-03 19:33:28.696+00","277","CYCLE_COUNT"
"2026-02-03 19:33:39.214+00","278","CYCLE_COUNT"
"2026-02-03 19:33:49.734+00","279","CYCLE_COUNT"
"2026-02-03 19:34:00.756+00","280","CYCLE_COUNT"
"2026-02-03 19:34:13.279+00","281","CYCLE_COUNT"
"2026-02-03 19:34:23.8+00","282","CYCLE_COUNT"
"2026-02-03 19:34:34.82+00","283","CYCLE_COUNT"
"2026-02-03 19:34:45.841+00","284","CYCLE_COUNT"
"2026-02-03 19:34:57.363+00","285","CYCLE_COUNT"
"2026-02-03 19:35:08.882+00","286","CYCLE_COUNT"
"2026-02-03 19:35:20.404+00","287","CYCLE_COUNT"
"2026-02-03 19:35:30.423+00","288","CYCLE_COUNT"
"2026-02-03 19:35:42.442+00","289","CYCLE_COUNT"
"2026-02-03 19:35:51.959+00","290","CYCLE_COUNT"
"2026-02-03 19:36:02.98+00","291","CYCLE_COUNT"
"2026-02-03 19:36:14.002+00","292","CYCLE_COUNT"
"2026-02-03 19:36:26.524+00","293","CYCLE_COUNT"
"2026-02-03 19:36:37.043+00","294","CYCLE_COUNT"
"2026-02-03 19:36:48.566+00","295","CYCLE_COUNT"
"2026-02-03 19:37:01.087+00","296","CYCLE_COUNT"
"2026-02-03 19:37:13.611+00","297","CYCLE_COUNT"
"2026-02-03 19:37:21.625+00","298","CYCLE_COUNT"
"2026-02-03 19:37:32.146+00","299","CYCLE_COUNT"
"2026-02-03 19:37:45.17+00","300","CYCLE_COUNT"
"2026-02-03 19:37:53.184+00","301","CYCLE_COUNT"
"2026-02-03 19:38:04.705+00","302","CYCLE_COUNT"
"2026-02-03 19:38:16.226+00","303","CYCLE_COUNT"
"2026-02-03 19:38:27.746+00","304","CYCLE_COUNT"
"2026-02-03 19:38:38.766+00","305","CYCLE_COUNT"
"2026-02-03 19:38:48.785+00","306","CYCLE_COUNT"
"2026-02-03 19:38:59.805+00","307","CYCLE_COUNT"
"2026-02-03 19:39:15.331+00","308","CYCLE_COUNT"
"2026-02-03 19:39:23.35+00","309","CYCLE_COUNT"
"2026-02-03 19:39:34.371+00","310","CYCLE_COUNT"
"2026-02-03 19:39:43.389+00","311","CYCLE_COUNT"
"2026-02-03 19:39:55.407+00","312","CYCLE_COUNT"
"2026-02-03 19:40:05.926+00","313","CYCLE_COUNT"
"2026-02-03 19:40:18.451+00","314","CYCLE_COUNT"
"2026-02-03 19:40:26.966+00","315","CYCLE_COUNT"
"2026-02-03 19:40:38.988+00","316","CYCLE_COUNT"
"2026-02-03 19:40:49.006+00","317","CYCLE_COUNT"
"2026-02-03 19:41:00.026+00","318","CYCLE_COUNT"
"2026-02-03 19:41:14.552+00","319","CYCLE_COUNT"
"2026-02-03 19:41:22.064+00","320","CYCLE_COUNT"
"2026-02-03 19:41:33.093+00","321","CYCLE_COUNT"
"2026-02-03 19:41:44.61+00","322","CYCLE_COUNT"
"2026-02-03 19:41:55.13+00","323","CYCLE_COUNT"
"2026-02-03 19:42:07.153+00","324","CYCLE_COUNT"
"2026-02-03 19:42:17.673+00","325","CYCLE_COUNT"
"2026-02-03 19:42:29.193+00","326","CYCLE_COUNT"
"2026-02-03 19:42:40.717+00","327","CYCLE_COUNT"
"2026-02-03 19:42:53.738+00","328","CYCLE_COUNT"
"2026-02-03 19:43:02.255+00","329","CYCLE_COUNT"
"2026-02-03 19:43:13.274+00","330","CYCLE_COUNT"
"2026-02-03 19:43:23.292+00","331","CYCLE_COUNT"
"2026-02-03 19:43:35.813+00","332","CYCLE_COUNT"
"2026-02-03 19:43:45.83+00","333","CYCLE_COUNT"
"2026-02-03 19:43:56.351+00","334","CYCLE_COUNT"
"2026-02-03 19:44:06.87+00","335","CYCLE_COUNT"
"2026-02-03 19:44:19.395+00","336","CYCLE_COUNT"
"2026-02-03 19:44:30.916+00","337","CYCLE_COUNT"
"2026-02-03 19:44:42.436+00","338","CYCLE_COUNT"
"2026-02-03 19:44:54.457+00","339","CYCLE_COUNT"
"2026-02-03 19:45:03.474+00","340","CYCLE_COUNT"
"2026-02-03 19:45:14.494+00","341","CYCLE_COUNT"
"2026-02-03 19:45:25.016+00","342","CYCLE_COUNT"
"2026-02-03 19:45:37.541+00","343","CYCLE_COUNT"
"2026-02-03 19:45:47.057+00","344","CYCLE_COUNT"
"2026-02-03 19:45:59.579+00","345","CYCLE_COUNT"
"2026-02-03 19:46:10.099+00","346","CYCLE_COUNT"
"2026-02-03 19:46:20.117+00","347","CYCLE_COUNT"
"2026-02-03 19:46:31.636+00","348","CYCLE_COUNT"
"2026-02-03 19:46:42.656+00","349","CYCLE_COUNT"
"2026-02-03 19:46:54.68+00","350","CYCLE_COUNT"
"2026-02-03 19:47:05.701+00","351","CYCLE_COUNT"
"2026-02-03 19:47:16.718+00","352","CYCLE_COUNT"
"2026-02-03 19:47:28.238+00","353","CYCLE_COUNT"
"2026-02-03 19:47:39.259+00","354","CYCLE_COUNT"
"2026-02-03 19:47:50.278+00","355","CYCLE_COUNT"
"2026-02-03 19:48:00.296+00","356","CYCLE_COUNT"
"2026-02-03 19:48:11.316+00","357","CYCLE_COUNT"
"2026-02-03 19:48:23.335+00","358","CYCLE_COUNT"
"2026-02-03 19:48:33.353+00","359","CYCLE_COUNT"
"2026-02-03 19:48:44.875+00","360","CYCLE_COUNT"
"2026-02-03 19:48:54.895+00","361","CYCLE_COUNT"
"2026-02-03 19:49:06.417+00","362","CYCLE_COUNT"
"2026-02-03 19:49:17.938+00","363","CYCLE_COUNT"
"2026-02-03 19:49:29.459+00","364","CYCLE_COUNT"
"2026-02-03 19:49:41.981+00","365","CYCLE_COUNT"
"2026-02-03 19:49:50.496+00","366","CYCLE_COUNT"
"2026-02-03 19:50:01.518+00","367","CYCLE_COUNT"
"2026-02-03 19:50:11.537+00","368","CYCLE_COUNT"
"2026-02-03 19:50:23.559+00","369","CYCLE_COUNT"
"2026-02-03 19:50:35.078+00","370","CYCLE_COUNT"
"2026-02-03 19:50:44.091+00","371","CYCLE_COUNT"
"2026-02-03 19:50:56.616+00","372","CYCLE_COUNT"
"2026-02-03 19:51:07.133+00","373","CYCLE_COUNT"
"2026-02-03 19:51:20.151+00","374","CYCLE_COUNT"
"2026-02-03 19:51:28.163+00","375","CYCLE_COUNT"
"2026-02-03 19:51:41.188+00","376","CYCLE_COUNT"
"2026-02-03 19:51:50.705+00","377","CYCLE_COUNT"
"2026-02-03 19:52:03.229+00","378","CYCLE_COUNT"
"2026-02-03 19:52:13.747+00","379","CYCLE_COUNT"
"2026-02-03 19:52:25.269+00","380","CYCLE_COUNT"
"2026-02-03 19:52:33.784+00","381","CYCLE_COUNT"
"2026-02-03 19:52:46.808+00","382","CYCLE_COUNT"
"2026-02-03 19:52:57.327+00","383","CYCLE_COUNT"
"2026-02-03 19:53:10.35+00","384","CYCLE_COUNT"
"2026-02-03 19:53:20.369+00","385","CYCLE_COUNT"
"2026-02-03 19:53:32.893+00","386","CYCLE_COUNT"
"2026-02-03 19:53:40.407+00","387","CYCLE_COUNT"
"2026-02-03 19:53:52.426+00","388","CYCLE_COUNT"
"2026-02-03 19:54:03.447+00","389","CYCLE_COUNT"
"2026-02-03 19:54:14.465+00","390","CYCLE_COUNT"
"2026-02-03 19:54:24.483+00","391","CYCLE_COUNT"
"2026-02-03 19:54:36.005+00","392","CYCLE_COUNT"
"2026-02-03 19:54:47.026+00","393","CYCLE_COUNT"
"2026-02-03 19:54:58.547+00","394","CYCLE_COUNT"
"2026-02-03 19:55:09.568+00","395","CYCLE_COUNT"
"2026-02-03 19:55:21.091+00","396","CYCLE_COUNT"
"2026-02-03 19:55:30.609+00","397","CYCLE_COUNT"
"2026-02-03 19:55:42.633+00","398","CYCLE_COUNT"
"2026-02-03 19:55:52.15+00","399","CYCLE_COUNT"
"2026-02-03 19:56:05.675+00","400","CYCLE_COUNT"
"2026-02-03 19:56:14.188+00","401","CYCLE_COUNT"
"2026-02-03 19:56:26.711+00","402","CYCLE_COUNT"
"2026-02-03 19:56:37.232+00","403","CYCLE_COUNT"
"2026-02-03 19:56:47.75+00","404","CYCLE_COUNT"
"2026-02-03 19:56:59.772+00","405","CYCLE_COUNT"
"2026-02-03 19:57:10.79+00","406","CYCLE_COUNT"
"2026-02-03 19:57:21.309+00","407","CYCLE_COUNT"
"2026-02-03 19:57:32.829+00","408","CYCLE_COUNT"
"2026-02-03 19:57:45.354+00","409","CYCLE_COUNT"
"2026-02-03 19:57:54.871+00","410","CYCLE_COUNT"
"2026-02-03 19:58:07.395+00","411","CYCLE_COUNT"
"2026-02-03 19:58:17.412+00","412","CYCLE_COUNT"
"2026-02-03 19:58:27.927+00","413","CYCLE_COUNT"
"2026-02-03 19:58:39.448+00","414","CYCLE_COUNT"
"2026-02-03 19:58:49.467+00","415","CYCLE_COUNT"
"2026-02-03 19:59:01.488+00","416","CYCLE_COUNT"
"2026-02-03 19:59:12.508+00","417","CYCLE_COUNT"
"2026-02-03 19:59:24.028+00","418","CYCLE_COUNT"
"2026-02-03 19:59:33.546+00","419","CYCLE_COUNT"
"2026-02-03 19:59:45.586+00","420","CYCLE_COUNT"
"2026-02-03 19:59:58.109+00","421","CYCLE_COUNT"
"2026-02-03 20:00:07.627+00","422","CYCLE_COUNT"
"2026-02-03 20:00:18.144+00","423","CYCLE_COUNT"
"2026-02-03 20:00:30.167+00","424","CYCLE_COUNT"
"2026-02-03 20:00:40.185+00","425","CYCLE_COUNT"
"2026-02-03 20:00:51.2+00","426","CYCLE_COUNT"
"2026-02-03 20:01:02.22+00","427","CYCLE_COUNT"
"2026-02-03 20:01:14.74+00","428","CYCLE_COUNT"
"2026-02-03 20:01:26.262+00","429","CYCLE_COUNT"
"2026-02-03 20:01:36.281+00","430","CYCLE_COUNT"
"2026-02-03 20:01:47.801+00","431","CYCLE_COUNT"
"2026-02-03 20:01:58.32+00","432","CYCLE_COUNT"
"2026-02-03 20:02:08.339+00","433","CYCLE_COUNT"
"2026-02-03 20:02:19.859+00","434","CYCLE_COUNT"
"2026-02-03 20:02:30.378+00","435","CYCLE_COUNT"
"2026-02-03 20:02:42.4+00","436","CYCLE_COUNT"
"2026-02-03 20:02:52.418+00","437","CYCLE_COUNT"
"2026-02-03 20:03:04.44+00","438","CYCLE_COUNT"
"2026-02-03 20:03:13.959+00","439","CYCLE_COUNT"
"2026-02-03 20:03:25.98+00","440","CYCLE_COUNT"
"2026-02-03 20:03:35.497+00","441","CYCLE_COUNT"
"2026-02-03 20:03:47.518+00","442","CYCLE_COUNT"
"2026-02-03 20:03:58.037+00","443","CYCLE_COUNT"
"2026-02-03 20:04:09.557+00","444","CYCLE_COUNT"
"2026-02-03 20:04:21.576+00","445","CYCLE_COUNT"
"2026-02-03 20:04:32.092+00","446","CYCLE_COUNT"
"2026-02-03 20:04:45.117+00","447","CYCLE_COUNT"
"2026-02-03 20:05:09.155+00","448","CYCLE_COUNT"
"2026-02-03 20:05:17.671+00","449","CYCLE_COUNT"
"2026-02-03 20:05:25.184+00","450","CYCLE_COUNT"
"2026-02-03 20:05:34.702+00","451","CYCLE_COUNT"
"2026-02-03 20:05:44.218+00","452","CYCLE_COUNT"
"2026-02-03 20:05:52.733+00","453","CYCLE_COUNT"
"2026-02-03 20:06:02.252+00","454","CYCLE_COUNT"
"2026-02-03 20:06:10.768+00","455","CYCLE_COUNT"
"2026-02-03 20:06:22.287+00","456","CYCLE_COUNT"
"2026-02-03 20:06:34.306+00","457","CYCLE_COUNT"
"2026-02-03 20:06:45.327+00","458","CYCLE_COUNT"
"2026-02-03 20:06:55.846+00","459","CYCLE_COUNT"
"2026-02-03 20:07:07.368+00","460","CYCLE_COUNT"
"2026-02-03 20:07:17.887+00","461","CYCLE_COUNT"
"2026-02-03 20:07:28.907+00","462","CYCLE_COUNT"
"2026-02-03 20:07:40.925+00","463","CYCLE_COUNT"
"2026-02-03 20:07:55.953+00","464","CYCLE_COUNT"
"2026-02-03 20:08:04.971+00","465","CYCLE_COUNT"
"2026-02-03 20:08:16.993+00","466","CYCLE_COUNT"
"2026-02-03 20:08:24.507+00","467","CYCLE_COUNT"
"2026-02-03 20:08:36.527+00","468","CYCLE_COUNT"
"2026-02-03 20:08:47.047+00","469","CYCLE_COUNT"
"2026-02-03 20:08:58.57+00","470","CYCLE_COUNT"
"2026-02-03 20:09:09.086+00","471","CYCLE_COUNT"
"2026-02-03 20:09:19.606+00","472","CYCLE_COUNT"
"2026-02-03 20:09:30.126+00","473","CYCLE_COUNT"
"2026-02-03 20:09:44.153+00","474","CYCLE_COUNT"
"2026-02-03 20:09:53.67+00","475","CYCLE_COUNT"
"2026-02-03 20:10:05.694+00","476","CYCLE_COUNT"
"2026-02-03 20:10:16.21+00","477","CYCLE_COUNT"
"2026-02-03 20:10:27.229+00","478","CYCLE_COUNT"
"2026-02-03 20:10:36.245+00","479","CYCLE_COUNT"
"2026-02-03 20:10:48.267+00","480","CYCLE_COUNT"
"2026-02-03 20:10:57.284+00","481","CYCLE_COUNT"
"2026-02-03 20:11:10.807+00","482","CYCLE_COUNT"
"2026-02-03 20:11:20.825+00","483","CYCLE_COUNT"
"2026-02-03 20:11:32.348+00","484","CYCLE_COUNT"
"2026-02-03 20:11:42.868+00","485","CYCLE_COUNT"
"2026-02-03 20:11:54.89+00","486","CYCLE_COUNT"
"2026-02-03 20:12:04.408+00","487","CYCLE_COUNT"
"2026-02-03 20:12:16.933+00","488","CYCLE_COUNT"
"2026-02-03 20:12:26.449+00","489","CYCLE_COUNT"
"2026-02-03 20:12:39.472+00","490","CYCLE_COUNT"
"2026-02-03 20:12:48.99+00","491","CYCLE_COUNT"
"2026-02-03 20:13:00.51+00","492","CYCLE_COUNT"
"2026-02-03 20:13:10.027+00","493","CYCLE_COUNT"
"2026-02-03 20:13:23.55+00","494","CYCLE_COUNT"
"2026-02-03 20:13:33.069+00","495","CYCLE_COUNT"
"2026-02-03 20:13:45.593+00","496","CYCLE_COUNT"
"2026-02-03 20:13:55.11+00","497","CYCLE_COUNT"
"2026-02-03 20:14:07.633+00","498","CYCLE_COUNT"
"2026-02-03 20:14:16.651+00","499","CYCLE_COUNT"
"2026-02-03 20:14:33.681+00","500","CYCLE_COUNT"
"2026-02-03 20:14:41.195+00","501","CYCLE_COUNT"
"2026-02-03 20:14:51.713+00","502","CYCLE_COUNT"
"2026-02-03 20:15:01.23+00","503","CYCLE_COUNT"
"2026-02-03 20:15:17.257+00","504","CYCLE_COUNT"
"2026-02-03 20:15:26.271+00","505","CYCLE_COUNT"
"2026-02-03 20:15:36.792+00","506","CYCLE_COUNT"
"2026-02-03 20:15:45.307+00","507","CYCLE_COUNT"
"2026-02-03 20:15:57.331+00","508","CYCLE_COUNT"
"2026-02-03 20:16:06.847+00","509","CYCLE_COUNT"
"2026-02-03 20:16:18.87+00","510","CYCLE_COUNT"
"2026-02-03 20:16:28.388+00","511","CYCLE_COUNT"
"2026-02-03 20:16:42.415+00","512","CYCLE_COUNT"
"2026-02-03 20:16:52.435+00","513","CYCLE_COUNT"
"2026-02-03 20:17:03.955+00","514","CYCLE_COUNT"
"2026-02-03 20:17:13.474+00","515","CYCLE_COUNT"
"2026-02-03 20:17:24.997+00","516","CYCLE_COUNT"
"2026-02-03 20:17:35.514+00","517","CYCLE_COUNT"
"2026-02-03 20:17:48.038+00","518","CYCLE_COUNT"
"2026-02-03 20:17:59.06+00","519","CYCLE_COUNT"
"2026-02-03 20:18:10.581+00","520","CYCLE_COUNT"
"2026-02-03 20:18:20.098+00","521","CYCLE_COUNT"
"2026-02-03 20:18:33.121+00","522","CYCLE_COUNT"
"2026-02-03 20:18:42.134+00","523","CYCLE_COUNT"
"2026-02-03 20:18:54.157+00","524","CYCLE_COUNT"
"2026-02-03 20:19:08.681+00","525","CYCLE_COUNT"
"2026-02-03 20:19:16.196+00","526","CYCLE_COUNT"
"2026-02-03 20:19:25.713+00","527","CYCLE_COUNT"
"2026-02-03 20:19:39.238+00","528","CYCLE_COUNT"
"2026-02-03 20:19:49.256+00","529","CYCLE_COUNT"
"2026-02-03 20:20:04.785+00","530","CYCLE_COUNT"
"2026-02-03 20:20:15.304+00","531","CYCLE_COUNT"
"2026-02-03 20:20:23.82+00","532","CYCLE_COUNT"
"2026-02-03 20:20:33.837+00","533","CYCLE_COUNT"
"2026-02-03 20:20:52.371+00","534","CYCLE_COUNT"
"2026-02-03 20:20:58.883+00","535","CYCLE_COUNT"
"2026-02-03 20:21:11.406+00","536","CYCLE_COUNT"
"2026-02-03 20:21:19.421+00","537","CYCLE_COUNT"
"2026-02-03 20:21:28.938+00","538","CYCLE_COUNT"
"2026-02-03 20:21:40.958+00","539","CYCLE_COUNT"
"2026-02-03 20:21:56.486+00","540","CYCLE_COUNT"
"2026-02-03 20:22:06.002+00","541","CYCLE_COUNT"
"2026-02-03 20:22:13.012+00","542","CYCLE_COUNT"
"2026-02-03 20:22:24.034+00","543","CYCLE_COUNT"
"2026-02-03 20:22:38.56+00","544","CYCLE_COUNT"
"2026-02-03 20:22:45.571+00","545","CYCLE_COUNT"
"2026-02-03 20:22:57.095+00","546","CYCLE_COUNT"
"2026-02-03 20:23:08.117+00","547","CYCLE_COUNT"
"2026-02-03 20:23:20.137+00","548","CYCLE_COUNT"
"2026-02-03 20:23:31.658+00","549","CYCLE_COUNT"
"2026-02-03 20:23:41.676+00","550","CYCLE_COUNT"
"2026-02-03 20:23:52.694+00","551","CYCLE_COUNT"
"2026-02-03 20:24:02.712+00","552","CYCLE_COUNT"
"2026-02-03 20:24:14.233+00","553","CYCLE_COUNT"
"2026-02-03 20:24:21.251+00","554","CYCLE_COUNT"
"2026-02-03 20:24:28.263+00","555","CYCLE_COUNT"
"2026-02-03 20:24:36.777+00","556","CYCLE_COUNT"
"2026-02-03 20:24:47.297+00","557","CYCLE_COUNT"
"2026-02-03 20:24:58.817+00","558","CYCLE_COUNT"
"2026-02-03 20:25:09.834+00","559","CYCLE_COUNT"
"2026-02-03 20:25:20.856+00","560","CYCLE_COUNT"
"2026-02-03 20:25:33.377+00","561","CYCLE_COUNT"
"2026-02-03 20:25:43.897+00","562","CYCLE_COUNT"
"2026-02-03 20:25:54.417+00","563","CYCLE_COUNT"
"2026-02-03 20:44:38.017+00","1","CYCLE_COUNT"
"2026-02-03 20:45:59.236+00","2","CYCLE_COUNT"
"2026-02-03 20:46:10.257+00","3","CYCLE_COUNT"
"2026-02-03 20:46:17.772+00","4","CYCLE_COUNT"
"2026-02-03 20:46:27.289+00","5","CYCLE_COUNT"
"2026-02-03 20:46:43.32+00","6","CYCLE_COUNT"
"2026-02-03 20:47:04.355+00","7","CYCLE_COUNT"
"2026-02-03 20:47:07.862+00","8","CYCLE_COUNT"
"2026-02-03 20:47:30.903+00","9","CYCLE_COUNT"
"2026-02-03 20:47:35.411+00","10","CYCLE_COUNT"
"2026-02-03 20:47:48.935+00","11","CYCLE_COUNT"
"2026-02-03 20:47:52.94+00","12","CYCLE_COUNT"
"2026-02-03 20:48:12.976+00","13","CYCLE_COUNT"
"2026-02-03 20:48:21.991+00","14","CYCLE_COUNT"
"2026-02-03 20:48:32.009+00","15","CYCLE_COUNT"
"2026-02-03 20:48:39.022+00","16","CYCLE_COUNT"
"2026-02-03 20:48:54.049+00","17","CYCLE_COUNT"
"2026-02-03 20:48:57.556+00","18","CYCLE_COUNT"
"2026-02-03 20:49:09.579+00","19","CYCLE_COUNT"
"2026-02-03 20:49:18.094+00","20","CYCLE_COUNT"
"2026-02-03 20:49:28.114+00","21","CYCLE_COUNT"
"2026-02-03 20:50:13.197+00","22","CYCLE_COUNT"
"2026-02-03 20:50:20.208+00","23","CYCLE_COUNT"
"2026-02-03 20:50:30.228+00","24","CYCLE_COUNT"
"2026-02-03 20:50:38.241+00","25","CYCLE_COUNT"
"2026-02-03 20:50:47.258+00","26","CYCLE_COUNT"
"2026-02-03 20:50:56.776+00","27","CYCLE_COUNT"
"2026-02-03 20:51:08.795+00","28","CYCLE_COUNT"
"2026-02-03 20:51:17.811+00","29","CYCLE_COUNT"
"2026-02-03 20:51:27.829+00","30","CYCLE_COUNT"
"2026-02-03 20:51:42.384+00","31","CYCLE_COUNT"
"2026-02-03 20:51:49.396+00","32","CYCLE_COUNT"
"2026-02-03 20:52:00.417+00","33","CYCLE_COUNT"
"2026-02-03 20:52:11.937+00","34","CYCLE_COUNT"
"2026-02-03 20:52:21.451+00","35","CYCLE_COUNT"
"2026-02-03 20:52:33.973+00","36","CYCLE_COUNT"
"2026-02-03 20:52:42.991+00","37","CYCLE_COUNT"
"2026-02-03 20:52:55.512+00","38","CYCLE_COUNT"
"2026-02-03 20:53:05.032+00","39","CYCLE_COUNT"
"2026-02-03 20:53:16.552+00","40","CYCLE_COUNT"
"2026-02-03 20:53:25.569+00","41","CYCLE_COUNT"
"2026-02-03 20:53:39.094+00","42","CYCLE_COUNT"
"2026-02-03 20:53:51.116+00","43","CYCLE_COUNT"
"2026-02-03 20:54:00.134+00","44","CYCLE_COUNT"
"2026-02-03 20:54:10.653+00","45","CYCLE_COUNT"
"2026-02-03 20:54:22.676+00","46","CYCLE_COUNT"
"2026-02-03 20:54:33.193+00","47","CYCLE_COUNT"
"2026-02-03 20:54:44.716+00","48","CYCLE_COUNT"
"2026-02-03 20:54:54.736+00","49","CYCLE_COUNT"
"2026-02-03 20:55:06.257+00","50","CYCLE_COUNT"
"2026-02-03 20:55:16.776+00","51","CYCLE_COUNT"
"2026-02-03 20:55:29.296+00","52","CYCLE_COUNT"
"2026-02-03 20:55:40.318+00","53","CYCLE_COUNT"
"2026-02-03 20:55:49.837+00","54","CYCLE_COUNT"
"2026-02-03 20:55:59.855+00","55","CYCLE_COUNT"
"2026-02-03 20:56:11.376+00","56","CYCLE_COUNT"
"2026-02-03 20:56:22.396+00","57","CYCLE_COUNT"
"2026-02-03 20:56:34.42+00","58","CYCLE_COUNT"
"2026-02-03 20:56:45.442+00","59","CYCLE_COUNT"
"2026-02-03 20:56:54.957+00","60","CYCLE_COUNT"
"2026-02-03 20:57:06.477+00","61","CYCLE_COUNT"
"2026-02-03 20:57:18.498+00","62","CYCLE_COUNT"
"2026-02-03 20:57:27.515+00","63","CYCLE_COUNT"
"2026-02-03 20:57:39.538+00","64","CYCLE_COUNT"
"2026-02-03 20:57:51.56+00","65","CYCLE_COUNT"
"2026-02-03 20:58:00.577+00","66","CYCLE_COUNT"
"2026-02-03 20:58:10.594+00","67","CYCLE_COUNT"
"2026-02-03 20:58:23.616+00","68","CYCLE_COUNT"
"2026-02-03 20:58:33.634+00","69","CYCLE_COUNT"
"2026-02-03 20:58:44.153+00","70","CYCLE_COUNT"
"2026-02-03 20:58:55.175+00","71","CYCLE_COUNT"
"2026-02-03 20:59:06.196+00","72","CYCLE_COUNT"
"2026-02-03 20:59:16.211+00","73","CYCLE_COUNT"
"2026-02-03 20:59:23.224+00","74","CYCLE_COUNT"
"2026-02-03 20:59:29.736+00","75","CYCLE_COUNT"
"2026-02-03 20:59:38.252+00","76","CYCLE_COUNT"
"2026-02-03 20:59:49.773+00","77","CYCLE_COUNT"
"2026-02-03 20:59:59.79+00","78","CYCLE_COUNT"
"2026-02-03 21:00:11.31+00","79","CYCLE_COUNT"
"2026-02-03 21:00:20.828+00","80","CYCLE_COUNT"
"2026-02-03 21:00:32.847+00","81","CYCLE_COUNT"
"2026-02-03 21:00:44.369+00","82","CYCLE_COUNT"
"2026-02-03 21:00:53.385+00","83","CYCLE_COUNT"
"2026-02-03 21:01:05.908+00","84","CYCLE_COUNT"
"2026-02-03 21:01:17.43+00","85","CYCLE_COUNT"
"2026-02-03 21:01:27.947+00","86","CYCLE_COUNT"
"2026-02-03 21:01:38.967+00","87","CYCLE_COUNT"
"2026-02-03 21:01:48.483+00","88","CYCLE_COUNT"
"2026-02-03 21:02:00.506+00","89","CYCLE_COUNT"
"2026-02-03 21:02:11.524+00","90","CYCLE_COUNT"
"2026-02-03 21:02:24.547+00","91","CYCLE_COUNT"
"2026-02-03 21:02:32.563+00","92","CYCLE_COUNT"
"2026-02-03 21:02:43.584+00","93","CYCLE_COUNT"
"2026-02-03 21:02:54.603+00","94","CYCLE_COUNT"
"2026-02-03 21:03:06.128+00","95","CYCLE_COUNT"
"2026-02-03 21:03:16.647+00","96","CYCLE_COUNT"
"2026-02-03 21:03:28.17+00","97","CYCLE_COUNT"
"2026-02-03 21:03:40.692+00","98","CYCLE_COUNT"
"2026-02-03 21:03:48.707+00","99","CYCLE_COUNT"
"2026-02-03 21:04:00.229+00","100","CYCLE_COUNT"
"2026-02-03 21:04:11.748+00","101","CYCLE_COUNT"
"2026-02-03 21:04:21.765+00","102","CYCLE_COUNT"
"2026-02-03 21:04:33.784+00","103","CYCLE_COUNT"
"2026-02-03 21:04:44.803+00","104","CYCLE_COUNT"
"2026-02-03 21:04:55.824+00","105","CYCLE_COUNT"
"2026-02-03 21:05:05.841+00","106","CYCLE_COUNT"
"2026-02-03 21:05:17.361+00","107","CYCLE_COUNT"
"2026-02-03 21:05:27.381+00","108","CYCLE_COUNT"
"2026-02-03 21:05:39.4+00","109","CYCLE_COUNT"
"2026-02-03 21:05:48.916+00","110","CYCLE_COUNT"
"2026-02-03 21:06:00.94+00","111","CYCLE_COUNT"
"2026-02-03 21:06:10.957+00","112","CYCLE_COUNT"
"2026-02-03 21:06:21.98+00","113","CYCLE_COUNT"
"2026-02-03 21:06:33.005+00","114","CYCLE_COUNT"
"2026-02-03 21:06:45.025+00","115","CYCLE_COUNT"
"2026-02-03 21:06:54.542+00","116","CYCLE_COUNT"
"2026-02-03 21:07:06.565+00","117","CYCLE_COUNT"
"2026-02-03 21:07:16.585+00","118","CYCLE_COUNT"
"2026-02-03 21:07:27.602+00","119","CYCLE_COUNT"
"2026-02-03 21:07:37.621+00","120","CYCLE_COUNT"
"2026-02-03 21:07:49.142+00","121","CYCLE_COUNT"
"2026-02-03 21:08:01.165+00","122","CYCLE_COUNT"
"2026-02-03 21:08:11.687+00","123","CYCLE_COUNT"
"2026-02-03 21:08:22.204+00","124","CYCLE_COUNT"
"2026-02-03 21:08:33.223+00","125","CYCLE_COUNT"
"2026-02-03 21:08:43.243+00","126","CYCLE_COUNT"
"2026-02-03 21:08:55.261+00","127","CYCLE_COUNT"
"2026-02-03 21:09:05.789+00","128","CYCLE_COUNT"
"2026-02-03 21:09:17.31+00","129","CYCLE_COUNT"
"2026-02-03 21:09:28.335+00","130","CYCLE_COUNT"
"2026-02-03 21:09:38.854+00","131","CYCLE_COUNT"
"2026-02-03 21:09:50.876+00","132","CYCLE_COUNT"
"2026-02-03 21:10:00.895+00","133","CYCLE_COUNT"
"2026-02-03 21:10:11.914+00","134","CYCLE_COUNT"
"2026-02-03 21:10:24.434+00","135","CYCLE_COUNT"
"2026-02-03 21:10:33.952+00","136","CYCLE_COUNT"
"2026-02-03 21:10:44.469+00","137","CYCLE_COUNT"
"2026-02-03 21:10:54.988+00","138","CYCLE_COUNT"
"2026-02-03 21:11:09.014+00","139","CYCLE_COUNT"
"2026-02-03 21:11:16.526+00","140","CYCLE_COUNT"
"2026-02-03 21:11:31.051+00","141","CYCLE_COUNT"
"2026-02-03 21:11:39.066+00","142","CYCLE_COUNT"
"2026-02-03 21:11:52.588+00","143","CYCLE_COUNT"
"2026-02-03 21:12:01.103+00","144","CYCLE_COUNT"
"2026-02-03 21:12:11.12+00","145","CYCLE_COUNT"
"2026-02-03 21:12:23.142+00","146","CYCLE_COUNT"
"2026-02-03 21:12:34.66+00","147","CYCLE_COUNT"
"2026-02-03 21:12:50.188+00","148","CYCLE_COUNT"
"2026-02-03 21:12:56.198+00","149","CYCLE_COUNT"
"2026-02-03 21:13:06.215+00","150","CYCLE_COUNT"
"2026-02-03 21:13:22.245+00","151","CYCLE_COUNT"
"2026-02-03 21:13:29.756+00","152","CYCLE_COUNT"
"2026-02-03 21:13:42.781+00","153","CYCLE_COUNT"
"2026-02-03 21:13:51.797+00","154","CYCLE_COUNT"
"2026-02-03 21:14:04.317+00","155","CYCLE_COUNT"
"2026-02-03 21:14:13.835+00","156","CYCLE_COUNT"
"2026-02-03 21:14:24.855+00","157","CYCLE_COUNT"
"2026-02-03 21:14:35.876+00","158","CYCLE_COUNT"
"2026-02-03 21:14:45.894+00","159","CYCLE_COUNT"
"2026-02-03 21:14:57.414+00","160","CYCLE_COUNT"
"2026-02-03 21:15:08.936+00","161","CYCLE_COUNT"
"2026-02-03 21:15:19.954+00","162","CYCLE_COUNT"
"2026-02-03 21:15:29.47+00","163","CYCLE_COUNT"
"2026-02-03 21:15:39.989+00","164","CYCLE_COUNT"
"2026-02-03 21:15:52.011+00","165","CYCLE_COUNT"
"2026-02-03 21:31:28.278+00","1","CYCLE_COUNT"
"2026-02-03 21:36:20.473+00","1","CYCLE_COUNT"
"2026-02-03 21:42:41.856+00","1","CYCLE_COUNT"
"2026-02-03 21:42:52.373+00","2","CYCLE_COUNT"
"2026-02-03 21:43:04.396+00","3","CYCLE_COUNT"
"2026-02-03 21:43:11.91+00","4","CYCLE_COUNT"
"2026-02-03 21:43:22.428+00","5","CYCLE_COUNT"
"2026-02-03 21:43:29.442+00","6","CYCLE_COUNT"
"2026-02-03 21:43:37.458+00","7","CYCLE_COUNT"
"2026-02-03 21:43:51.984+00","8","CYCLE_COUNT"
"2026-02-03 21:44:03.504+00","9","CYCLE_COUNT"
"2026-02-03 21:44:09.515+00","10","CYCLE_COUNT"
"2026-02-03 21:44:23.541+00","11","CYCLE_COUNT"
"2026-02-03 21:44:29.052+00","12","CYCLE_COUNT"
"2026-02-03 21:44:40.073+00","13","CYCLE_COUNT"
"2026-02-03 21:44:50.594+00","14","CYCLE_COUNT"
"2026-02-03 21:45:03.117+00","15","CYCLE_COUNT"
"2026-02-03 21:45:14.639+00","16","CYCLE_COUNT"
"2026-02-03 21:45:26.16+00","17","CYCLE_COUNT"
"2026-02-03 21:45:37.181+00","18","CYCLE_COUNT"
"2026-02-03 21:45:47.199+00","19","CYCLE_COUNT"
"2026-02-03 21:45:55.716+00","20","CYCLE_COUNT"
"2026-02-03 21:46:06.735+00","21","CYCLE_COUNT"
"2026-02-03 21:46:18.254+00","22","CYCLE_COUNT"
"2026-02-03 21:46:30.277+00","23","CYCLE_COUNT"
"2026-02-03 21:46:39.293+00","24","CYCLE_COUNT"
"2026-02-03 21:46:50.314+00","25","CYCLE_COUNT"
"2026-02-03 21:47:01.335+00","26","CYCLE_COUNT"
"2026-02-03 21:47:12.354+00","27","CYCLE_COUNT"
"2026-02-03 21:47:23.373+00","28","CYCLE_COUNT"
"2026-02-03 21:47:33.393+00","29","CYCLE_COUNT"
"2026-02-03 21:47:43.915+00","30","CYCLE_COUNT"
"2026-02-03 21:47:56.439+00","31","CYCLE_COUNT"
"2026-02-03 21:48:06.457+00","32","CYCLE_COUNT"
"2026-02-03 21:48:17.477+00","33","CYCLE_COUNT"
"2026-02-03 21:48:27.996+00","34","CYCLE_COUNT"
"2026-02-03 21:48:46.029+00","35","CYCLE_COUNT"
"2026-02-03 21:48:52.54+00","36","CYCLE_COUNT"
"2026-02-03 21:49:01.054+00","37","CYCLE_COUNT"
"2026-02-03 21:49:11.572+00","38","CYCLE_COUNT"
"2026-02-03 21:49:21.091+00","39","CYCLE_COUNT"
"2026-02-03 21:49:33.113+00","40","CYCLE_COUNT"
"2026-02-03 21:49:44.634+00","41","CYCLE_COUNT"
"2026-02-03 21:49:56.154+00","42","CYCLE_COUNT"
"2026-02-03 21:50:05.671+00","43","CYCLE_COUNT"
"2026-02-03 21:50:17.193+00","44","CYCLE_COUNT"
"2026-02-03 21:50:28.716+00","45","CYCLE_COUNT"
"2026-02-03 21:50:40.739+00","46","CYCLE_COUNT"
"2026-02-03 21:50:50.756+00","47","CYCLE_COUNT"
"2026-02-03 21:51:03.781+00","48","CYCLE_COUNT"
"2026-02-03 21:51:12.798+00","49","CYCLE_COUNT"
"2026-02-03 21:51:23.318+00","50","CYCLE_COUNT"
"2026-02-03 21:51:39.847+00","51","CYCLE_COUNT"
"2026-02-03 21:51:47.367+00","52","CYCLE_COUNT"
"2026-02-03 21:51:58.889+00","53","CYCLE_COUNT"
"2026-02-03 21:52:06.403+00","54","CYCLE_COUNT"
"2026-02-03 21:52:10.91+00","55","CYCLE_COUNT"
"2026-02-03 21:52:18.425+00","56","CYCLE_COUNT"
"2026-02-03 21:52:28.442+00","57","CYCLE_COUNT"
"2026-02-03 21:52:41.967+00","58","CYCLE_COUNT"
"2026-02-03 21:52:49.981+00","59","CYCLE_COUNT"
"2026-02-03 21:53:04.507+00","60","CYCLE_COUNT"
"2026-02-03 21:53:12.519+00","61","CYCLE_COUNT"
"2026-02-03 21:53:23.542+00","62","CYCLE_COUNT"
"2026-02-03 21:53:33.058+00","63","CYCLE_COUNT"
"2026-02-03 21:53:44.077+00","64","CYCLE_COUNT"
"2026-02-03 21:53:54.093+00","65","CYCLE_COUNT"
"2026-02-03 21:54:06.615+00","66","CYCLE_COUNT"
"2026-02-03 21:54:16.629+00","67","CYCLE_COUNT"
"2026-02-03 21:54:28.652+00","68","CYCLE_COUNT"
"2026-02-03 21:54:38.167+00","69","CYCLE_COUNT"
"2026-02-03 21:54:51.191+00","70","CYCLE_COUNT"
"2026-02-03 21:55:02.211+00","71","CYCLE_COUNT"
"2026-02-03 21:55:13.228+00","72","CYCLE_COUNT"
"2026-02-03 21:55:21.243+00","73","CYCLE_COUNT"
"2026-02-03 21:55:35.771+00","74","CYCLE_COUNT"
"2026-02-03 21:55:44.285+00","75","CYCLE_COUNT"
"2026-02-03 21:55:55.307+00","76","CYCLE_COUNT"
"2026-02-03 21:56:07.328+00","77","CYCLE_COUNT"
"2026-02-03 21:56:17.848+00","78","CYCLE_COUNT"
"2026-02-03 21:56:27.866+00","79","CYCLE_COUNT"
"2026-02-03 21:56:40.388+00","80","CYCLE_COUNT"
"2026-02-03 21:56:50.406+00","81","CYCLE_COUNT"
"2026-02-03 21:57:02.427+00","82","CYCLE_COUNT"
"2026-02-03 21:57:11.442+00","83","CYCLE_COUNT"
"2026-02-03 21:57:23.464+00","84","CYCLE_COUNT"
"2026-02-03 21:57:33.483+00","85","CYCLE_COUNT"
"2026-02-03 21:57:45.006+00","86","CYCLE_COUNT"
"2026-02-03 21:57:55.525+00","87","CYCLE_COUNT"
"2026-02-03 21:58:09.051+00","88","CYCLE_COUNT"
"2026-02-03 21:58:18.066+00","89","CYCLE_COUNT"
"2026-02-03 21:58:28.084+00","90","CYCLE_COUNT"
"2026-02-03 21:58:39.106+00","91","CYCLE_COUNT"
"2026-02-03 21:58:49.624+00","92","CYCLE_COUNT"
"2026-02-03 21:59:01.146+00","93","CYCLE_COUNT"
"2026-02-03 21:59:11.163+00","94","CYCLE_COUNT"
"2026-02-03 21:59:22.184+00","95","CYCLE_COUNT"
"2026-02-03 21:59:33.203+00","96","CYCLE_COUNT"
"2026-02-03 21:59:45.726+00","97","CYCLE_COUNT"
"2026-02-03 21:59:54.744+00","98","CYCLE_COUNT"
"2026-02-03 22:00:05.261+00","99","CYCLE_COUNT"
"2026-02-03 22:00:16.779+00","100","CYCLE_COUNT"
"2026-02-03 22:00:27.297+00","101","CYCLE_COUNT"
"2026-02-03 22:00:39.82+00","102","CYCLE_COUNT"
"2026-02-03 22:00:49.342+00","103","CYCLE_COUNT"
"2026-02-03 22:01:00.863+00","104","CYCLE_COUNT"
"2026-02-03 22:01:11.885+00","105","CYCLE_COUNT"
"2026-02-03 22:01:22.404+00","106","CYCLE_COUNT"
"2026-02-03 22:01:34.928+00","107","CYCLE_COUNT"
"2026-02-03 22:01:46.447+00","108","CYCLE_COUNT"
"2026-02-03 22:01:54.462+00","109","CYCLE_COUNT"
"2026-02-03 22:02:05.482+00","110","CYCLE_COUNT"
"2026-02-03 22:02:16.001+00","111","CYCLE_COUNT"
"2026-02-03 22:02:27.019+00","112","CYCLE_COUNT"
"2026-02-03 22:02:38.038+00","113","CYCLE_COUNT"
"2026-02-03 22:02:49.559+00","114","CYCLE_COUNT"
"2026-02-03 22:02:59.077+00","115","CYCLE_COUNT"
"2026-02-03 22:03:11.096+00","116","CYCLE_COUNT"
"2026-02-03 22:03:22.116+00","117","CYCLE_COUNT"
"2026-02-03 22:03:33.136+00","118","CYCLE_COUNT"
"2026-02-03 22:03:42.655+00","119","CYCLE_COUNT"
"2026-02-03 22:03:54.676+00","120","CYCLE_COUNT"
"2026-02-03 22:04:03.692+00","121","CYCLE_COUNT"
"2026-02-03 22:04:17.217+00","122","CYCLE_COUNT"
"2026-02-03 22:04:27.735+00","123","CYCLE_COUNT"
"2026-02-03 22:04:38.254+00","124","CYCLE_COUNT"
"2026-02-03 22:04:48.273+00","125","CYCLE_COUNT"
"2026-02-03 22:05:00.795+00","126","CYCLE_COUNT"
"2026-02-03 22:05:10.813+00","127","CYCLE_COUNT"
"2026-02-03 22:08:34.64+00","1","CYCLE_COUNT"
"2026-02-03 22:08:45.158+00","2","CYCLE_COUNT"
"2026-02-03 22:08:56.176+00","3","CYCLE_COUNT"
"2026-02-03 22:09:03.691+00","4","CYCLE_COUNT"
"2026-02-03 22:09:12.709+00","5","CYCLE_COUNT"
"2026-02-03 22:09:21.725+00","6","CYCLE_COUNT"
"2026-02-03 22:09:29.239+00","7","CYCLE_COUNT"
"2026-02-03 22:09:38.757+00","8","CYCLE_COUNT"
"2026-02-03 22:09:49.274+00","9","CYCLE_COUNT"
"2026-02-03 22:10:00.792+00","10","CYCLE_COUNT"
"2026-02-03 22:10:11.812+00","11","CYCLE_COUNT"
"2026-02-03 22:10:22.831+00","12","CYCLE_COUNT"
"2026-02-03 22:10:32.853+00","13","CYCLE_COUNT"
"2026-02-03 22:10:44.373+00","14","CYCLE_COUNT"
"2026-02-03 22:10:53.891+00","15","CYCLE_COUNT"
"2026-02-03 22:11:05.912+00","16","CYCLE_COUNT"
"2026-02-03 22:11:15.429+00","17","CYCLE_COUNT"
"2026-02-03 22:11:27.954+00","18","CYCLE_COUNT"
"2026-02-03 22:11:37.972+00","19","CYCLE_COUNT"
"2026-02-03 22:11:52.498+00","20","CYCLE_COUNT"
"2026-02-03 22:12:01.513+00","21","CYCLE_COUNT"
"2026-02-03 22:12:10.531+00","22","CYCLE_COUNT"
"2026-02-03 22:12:20.049+00","23","CYCLE_COUNT"
"2026-02-03 22:12:32.572+00","24","CYCLE_COUNT"
"2026-02-03 22:12:42.09+00","25","CYCLE_COUNT"
"2026-02-03 22:12:53.112+00","26","CYCLE_COUNT"
"2026-02-03 22:13:04.13+00","27","CYCLE_COUNT"
"2026-02-03 22:13:16.654+00","28","CYCLE_COUNT"
"2026-02-03 22:13:25.67+00","29","CYCLE_COUNT"
"2026-02-03 22:13:40.699+00","30","CYCLE_COUNT"
"2026-02-03 22:13:51.218+00","31","CYCLE_COUNT"
"2026-02-03 22:13:59.232+00","32","CYCLE_COUNT"
"2026-02-03 22:14:08.753+00","33","CYCLE_COUNT"
"2026-02-03 22:14:20.773+00","34","CYCLE_COUNT"
"2026-02-03 22:14:31.791+00","35","CYCLE_COUNT"
"2026-02-03 22:14:42.81+00","36","CYCLE_COUNT"
"2026-02-03 22:14:53.329+00","37","CYCLE_COUNT"
"2026-02-03 22:15:04.851+00","38","CYCLE_COUNT"
"2026-02-03 22:15:15.371+00","39","CYCLE_COUNT"
"2026-02-03 22:15:26.893+00","40","CYCLE_COUNT"
"2026-02-03 22:15:37.912+00","41","CYCLE_COUNT"
"2026-02-03 22:15:48.932+00","42","CYCLE_COUNT"
"2026-02-03 22:15:59.453+00","43","CYCLE_COUNT"
"2026-02-03 22:16:10.972+00","44","CYCLE_COUNT"
"2026-02-03 22:16:20.493+00","45","CYCLE_COUNT"
"2026-02-03 22:16:32.517+00","46","CYCLE_COUNT"
"2026-02-03 22:16:42.535+00","47","CYCLE_COUNT"
"2026-02-03 22:16:55.561+00","48","CYCLE_COUNT"
"2026-02-03 22:17:04.077+00","49","CYCLE_COUNT"
"2026-02-03 22:17:16.099+00","50","CYCLE_COUNT"
"2026-02-03 22:17:26.118+00","51","CYCLE_COUNT"
"2026-02-03 22:17:37.138+00","52","CYCLE_COUNT"
"2026-02-03 22:17:49.162+00","53","CYCLE_COUNT"
"2026-02-03 22:17:59.679+00","54","CYCLE_COUNT"
"2026-02-03 22:18:10.703+00","55","CYCLE_COUNT"
"2026-02-03 22:18:21.724+00","56","CYCLE_COUNT"
"2026-02-03 22:18:31.242+00","57","CYCLE_COUNT"
"2026-02-03 22:18:43.265+00","58","CYCLE_COUNT"
"2026-02-03 22:18:53.282+00","59","CYCLE_COUNT"
"2026-02-03 22:19:05.808+00","60","CYCLE_COUNT"
"2026-02-03 22:19:15.325+00","61","CYCLE_COUNT"
"2026-02-03 22:19:27.846+00","62","CYCLE_COUNT"
"2026-02-03 22:19:37.363+00","63","CYCLE_COUNT"
"2026-02-03 22:19:48.884+00","64","CYCLE_COUNT"
"2026-02-03 22:20:02.411+00","65","CYCLE_COUNT"
"2026-02-03 22:20:09.922+00","66","CYCLE_COUNT"
"2026-02-03 22:20:20.94+00","67","CYCLE_COUNT"
"2026-02-03 22:20:33.463+00","68","CYCLE_COUNT"
"2026-02-03 22:20:46.487+00","69","CYCLE_COUNT"
"2026-02-03 22:20:55.503+00","70","CYCLE_COUNT"
"2026-02-03 22:21:04.02+00","71","CYCLE_COUNT"
"2026-02-03 22:21:26.561+00","72","CYCLE_COUNT"
"2026-02-03 22:21:37.082+00","73","CYCLE_COUNT"
"2026-02-03 22:21:48.603+00","74","CYCLE_COUNT"
"2026-02-03 22:21:58.121+00","75","CYCLE_COUNT"
"2026-02-03 22:22:08.138+00","76","CYCLE_COUNT"
"2026-02-03 22:22:15.654+00","77","CYCLE_COUNT"
"2026-02-03 22:22:30.182+00","78","CYCLE_COUNT"
"2026-02-03 22:22:45.71+00","79","CYCLE_COUNT"
"2026-02-03 22:22:53.725+00","80","CYCLE_COUNT"
"2026-02-03 22:23:07.75+00","81","CYCLE_COUNT"
"2026-02-03 22:23:16.267+00","82","CYCLE_COUNT"
"2026-02-03 22:23:29.793+00","83","CYCLE_COUNT"
"2026-02-03 22:23:37.808+00","84","CYCLE_COUNT"
"2026-02-03 22:23:49.829+00","85","CYCLE_COUNT"
"2026-02-03 22:23:58.345+00","86","CYCLE_COUNT"
"2026-02-03 22:24:13.371+00","87","CYCLE_COUNT"
"2026-02-03 22:24:21.886+00","88","CYCLE_COUNT"
"2026-02-03 22:24:36.415+00","89","CYCLE_COUNT"
"2026-02-03 22:24:43.926+00","90","CYCLE_COUNT"
"2026-02-03 22:24:56.951+00","91","CYCLE_COUNT"
"2026-02-03 22:25:05.967+00","92","CYCLE_COUNT"
"2026-02-03 22:25:18.49+00","93","CYCLE_COUNT"
"2026-02-03 22:25:26.504+00","94","CYCLE_COUNT"
"2026-02-03 22:25:40.533+00","95","CYCLE_COUNT"
"2026-02-03 22:25:50.548+00","96","CYCLE_COUNT"
"2026-02-03 22:26:05.075+00","97","CYCLE_COUNT"
"2026-02-03 22:26:20.605+00","98","CYCLE_COUNT"
"2026-02-03 22:26:36.637+00","99","CYCLE_COUNT"
"2026-02-03 22:26:43.149+00","100","CYCLE_COUNT"
"2026-02-03 22:26:56.172+00","101","CYCLE_COUNT"
"2026-02-03 22:27:03.183+00","102","CYCLE_COUNT"
"2026-02-03 22:27:16.207+00","103","CYCLE_COUNT"
"2026-02-03 22:27:25.223+00","104","CYCLE_COUNT"
"2026-02-03 22:27:38.248+00","105","CYCLE_COUNT"
"2026-02-03 22:27:48.267+00","106","CYCLE_COUNT"
"2026-02-03 22:28:01.789+00","107","CYCLE_COUNT"
"2026-02-03 22:28:10.805+00","108","CYCLE_COUNT"
"2026-02-03 22:28:24.831+00","109","CYCLE_COUNT"
"2026-02-03 22:28:32.344+00","110","CYCLE_COUNT"
"2026-02-03 22:28:44.867+00","111","CYCLE_COUNT"
"2026-02-03 22:28:51.878+00","112","CYCLE_COUNT"
"2026-02-03 22:29:04.904+00","113","CYCLE_COUNT"
"2026-02-03 22:29:31.452+00","114","CYCLE_COUNT"
"2026-02-03 22:29:38.965+00","115","CYCLE_COUNT"
"2026-02-03 22:29:49.985+00","116","CYCLE_COUNT"
"2026-02-03 22:29:58+00","117","CYCLE_COUNT"
"2026-02-03 22:30:06.515+00","118","CYCLE_COUNT"
"2026-02-03 22:30:40.582+00","119","CYCLE_COUNT"
"2026-02-03 22:30:44.59+00","120","CYCLE_COUNT"
"2026-02-03 22:30:57.615+00","121","CYCLE_COUNT"
"2026-02-03 22:31:06.13+00","122","CYCLE_COUNT"
"2026-02-03 22:31:24.159+00","123","CYCLE_COUNT"
"2026-02-03 22:31:30.695+00","124","CYCLE_COUNT"
"2026-02-03 22:31:49.231+00","125","CYCLE_COUNT"
"2026-02-03 22:31:59.249+00","126","CYCLE_COUNT"
"2026-02-03 22:32:08.264+00","127","CYCLE_COUNT"
"2026-02-03 22:32:18.782+00","128","CYCLE_COUNT"
"2026-02-03 22:32:34.31+00","129","CYCLE_COUNT"
"2026-02-03 22:32:49.839+00","130","CYCLE_COUNT"
"2026-02-03 22:33:23.904+00","131","CYCLE_COUNT"
"2026-02-03 22:33:29.414+00","132","CYCLE_COUNT"
"2026-02-03 22:33:36.427+00","133","CYCLE_COUNT"
"2026-02-03 22:33:46.951+00","134","CYCLE_COUNT"
"2026-02-03 22:33:58.973+00","135","CYCLE_COUNT"
"2026-02-03 22:34:12.499+00","136","CYCLE_COUNT"
"2026-02-03 22:34:27.026+00","137","CYCLE_COUNT"
"2026-02-03 22:34:36.042+00","138","CYCLE_COUNT"
"2026-02-03 22:34:49.068+00","139","CYCLE_COUNT"
"2026-02-03 22:34:59.088+00","140","CYCLE_COUNT"
"2026-02-03 22:35:09.106+00","141","CYCLE_COUNT"
"2026-02-03 22:35:20.628+00","142","CYCLE_COUNT"
"2026-02-03 22:35:36.66+00","143","CYCLE_COUNT"
"2026-02-03 22:35:46.175+00","144","CYCLE_COUNT"
"2026-02-03 22:35:57.694+00","145","CYCLE_COUNT"
"2026-02-03 22:36:09.72+00","146","CYCLE_COUNT"
"2026-02-03 22:36:18.736+00","147","CYCLE_COUNT"
"2026-02-03 22:36:30.261+00","148","CYCLE_COUNT"
"2026-02-03 22:36:39.777+00","149","CYCLE_COUNT"
"2026-02-03 22:36:55.808+00","150","CYCLE_COUNT"
"2026-02-03 22:36:57.811+00","151","CYCLE_COUNT"
"2026-02-03 22:37:07.328+00","152","CYCLE_COUNT"
"2026-02-03 22:37:16.348+00","153","CYCLE_COUNT"
"2026-02-03 22:37:28.37+00","154","CYCLE_COUNT"
"2026-02-03 22:37:44.401+00","155","CYCLE_COUNT"
"2026-02-03 22:37:46.404+00","156","CYCLE_COUNT"
"2026-02-03 22:37:53.419+00","157","CYCLE_COUNT"
"2026-02-03 22:38:03.437+00","158","CYCLE_COUNT"
"2026-02-03 22:38:14.463+00","159","CYCLE_COUNT"
"2026-02-03 22:38:24.982+00","160","CYCLE_COUNT"
"2026-02-03 22:38:36.503+00","161","CYCLE_COUNT"
"2026-02-03 22:38:54.542+00","162","CYCLE_COUNT"
"2026-02-03 22:39:03.558+00","163","CYCLE_COUNT"
"2026-02-03 22:39:13.576+00","164","CYCLE_COUNT"
"2026-02-03 22:39:23.594+00","165","CYCLE_COUNT"
"2026-02-03 22:39:36.136+00","166","CYCLE_COUNT"
"2026-02-03 22:39:45.153+00","167","CYCLE_COUNT"
"2026-02-03 22:40:06.693+00","168","CYCLE_COUNT"
"2026-02-03 22:40:15.208+00","169","CYCLE_COUNT"
"2026-02-03 22:40:24.722+00","170","CYCLE_COUNT"
"2026-02-03 22:40:34.237+00","171","CYCLE_COUNT"
"2026-02-03 22:43:47.266+00","1","CYCLE_COUNT"
"2026-02-03 22:44:03.296+00","2","CYCLE_COUNT"
"2026-02-03 22:44:21.831+00","3","CYCLE_COUNT"
"2026-02-03 22:44:29.846+00","4","CYCLE_COUNT"
"2026-02-03 22:44:34.855+00","5","CYCLE_COUNT"
"2026-02-03 22:44:42.867+00","6","CYCLE_COUNT"
"2026-02-03 22:44:52.386+00","7","CYCLE_COUNT"
"2026-02-03 22:45:13.422+00","8","CYCLE_COUNT"
"2026-02-03 22:45:24.942+00","9","CYCLE_COUNT"
"2026-02-03 22:45:36.461+00","10","CYCLE_COUNT"
"2026-02-03 22:45:48.48+00","11","CYCLE_COUNT"
"2026-02-03 22:45:58.999+00","12","CYCLE_COUNT"
"2026-02-03 22:46:09.519+00","13","CYCLE_COUNT"
"2026-02-03 22:46:21.544+00","14","CYCLE_COUNT"
"2026-02-03 22:46:35.071+00","15","CYCLE_COUNT"
"2026-02-03 22:46:42.584+00","16","CYCLE_COUNT"
"2026-02-03 22:46:56.108+00","17","CYCLE_COUNT"
"2026-02-03 22:47:08.13+00","18","CYCLE_COUNT"
"2026-02-03 22:47:18.147+00","19","CYCLE_COUNT"
"2026-02-03 22:47:29.166+00","20","CYCLE_COUNT"
"2026-02-03 22:47:42.69+00","21","CYCLE_COUNT"
"2026-02-03 22:47:53.209+00","22","CYCLE_COUNT"
"2026-02-03 22:48:07.733+00","23","CYCLE_COUNT"
"2026-02-03 22:48:20.252+00","24","CYCLE_COUNT"
"2026-02-03 22:48:27.766+00","25","CYCLE_COUNT"
"2026-02-03 22:48:37.783+00","26","CYCLE_COUNT"
"2026-02-03 22:48:52.308+00","27","CYCLE_COUNT"
"2026-02-03 22:49:01.326+00","28","CYCLE_COUNT"
"2026-02-03 22:49:15.348+00","29","CYCLE_COUNT"
"2026-02-03 22:49:30.877+00","30","CYCLE_COUNT"
"2026-02-03 22:49:39.894+00","31","CYCLE_COUNT"
"2026-02-03 22:49:50.413+00","32","CYCLE_COUNT"
"2026-02-03 22:50:02.934+00","33","CYCLE_COUNT"
"2026-02-03 22:50:09.947+00","34","CYCLE_COUNT"
"2026-02-03 22:50:18.962+00","35","CYCLE_COUNT"
"2026-02-03 22:50:27.978+00","36","CYCLE_COUNT"
"2026-02-03 22:50:35.491+00","37","CYCLE_COUNT"
"2026-02-03 22:50:46.01+00","38","CYCLE_COUNT"
"2026-02-03 22:50:57.031+00","39","CYCLE_COUNT"
"2026-02-03 22:51:07.048+00","40","CYCLE_COUNT"
"2026-02-03 22:51:18.568+00","41","CYCLE_COUNT"
"2026-02-03 22:51:30.589+00","42","CYCLE_COUNT"
"2026-02-03 22:51:40.107+00","43","CYCLE_COUNT"
"2026-02-03 22:51:50.125+00","44","CYCLE_COUNT"
"2026-02-03 22:52:02.145+00","45","CYCLE_COUNT"
"2026-02-03 22:52:10.662+00","46","CYCLE_COUNT"
"2026-02-03 22:52:24.186+00","47","CYCLE_COUNT"
"2026-02-03 22:52:36.207+00","48","CYCLE_COUNT"
"2026-02-03 22:52:44.722+00","49","CYCLE_COUNT"
"2026-02-03 22:52:57.243+00","50","CYCLE_COUNT"
"2026-02-03 22:53:06.26+00","51","CYCLE_COUNT"
"2026-02-03 22:53:16.779+00","52","CYCLE_COUNT"
"2026-02-03 22:53:28.801+00","53","CYCLE_COUNT"
"2026-02-03 22:53:39.323+00","54","CYCLE_COUNT"
"2026-02-03 22:53:50.843+00","55","CYCLE_COUNT"
"2026-02-03 22:54:01.363+00","56","CYCLE_COUNT"
"2026-02-03 22:54:13.383+00","57","CYCLE_COUNT"
"2026-02-03 22:54:23.399+00","58","CYCLE_COUNT"
"2026-02-03 22:54:35.418+00","59","CYCLE_COUNT"
"2026-02-03 22:54:46.437+00","60","CYCLE_COUNT"
"2026-02-03 22:54:57.457+00","61","CYCLE_COUNT"
"2026-02-03 22:55:05.474+00","62","CYCLE_COUNT"
"2026-02-03 22:55:20.502+00","63","CYCLE_COUNT"
"2026-02-03 22:55:30.021+00","64","CYCLE_COUNT"
"2026-02-03 22:55:51.061+00","65","CYCLE_COUNT"
"2026-02-03 22:56:03.083+00","66","CYCLE_COUNT"
"2026-02-03 22:56:15.106+00","67","CYCLE_COUNT"
"2026-02-03 22:56:25.125+00","68","CYCLE_COUNT"
"2026-02-03 22:56:35.143+00","69","CYCLE_COUNT"
"2026-02-03 22:56:46.162+00","70","CYCLE_COUNT"
"2026-02-03 22:56:58.184+00","71","CYCLE_COUNT"
"2026-02-03 22:57:08.702+00","72","CYCLE_COUNT"
"2026-02-03 22:57:23.731+00","73","CYCLE_COUNT"
"2026-02-03 22:57:32.745+00","74","CYCLE_COUNT"
"2026-02-03 23:58:13.457+00","1","CYCLE_COUNT"
"2026-02-03 23:58:35.018+00","2","CYCLE_COUNT"
"2026-02-03 23:58:55.56+00","3","CYCLE_COUNT"
"2026-02-03 23:59:16.097+00","4","CYCLE_COUNT"
"2026-02-03 23:59:24.609+00","5","CYCLE_COUNT"
"2026-02-03 23:59:35.629+00","6","CYCLE_COUNT"
"2026-02-03 23:59:45.145+00","7","CYCLE_COUNT"
"2026-02-04 00:00:00.173+00","8","CYCLE_COUNT"
"2026-02-04 00:00:24.225+00","9","CYCLE_COUNT"
"2026-02-04 00:00:32.241+00","10","CYCLE_COUNT"
"2026-02-04 00:00:46.265+00","11","CYCLE_COUNT"
"2026-02-04 00:00:55.282+00","12","CYCLE_COUNT"
"2026-02-04 00:01:09.309+00","13","CYCLE_COUNT"
"2026-02-04 00:01:26.342+00","14","CYCLE_COUNT"
"2026-02-04 00:01:43.372+00","15","CYCLE_COUNT"
"2026-02-04 00:01:53.893+00","16","CYCLE_COUNT"
"2026-02-04 00:02:06.918+00","17","CYCLE_COUNT"
"2026-02-04 00:02:17.939+00","18","CYCLE_COUNT"
"2026-02-04 00:02:33.465+00","19","CYCLE_COUNT"
"2026-02-04 00:02:46.488+00","20","CYCLE_COUNT"
"2026-02-04 00:02:59.012+00","21","CYCLE_COUNT"
"2026-02-04 00:03:14.04+00","22","CYCLE_COUNT"
"2026-02-04 00:03:24.056+00","23","CYCLE_COUNT"
"2026-02-04 00:03:38.083+00","24","CYCLE_COUNT"
"2026-02-04 00:03:55.113+00","25","CYCLE_COUNT"
"2026-02-04 00:04:03.629+00","26","CYCLE_COUNT"
"2026-02-04 00:04:21.666+00","27","CYCLE_COUNT"
"2026-02-04 00:04:34.188+00","28","CYCLE_COUNT"
"2026-02-04 00:04:48.713+00","29","CYCLE_COUNT"
"2026-02-04 00:05:00.233+00","30","CYCLE_COUNT"
"2026-02-04 00:05:11.254+00","31","CYCLE_COUNT"
"2026-02-04 00:05:28.282+00","32","CYCLE_COUNT"
"2026-02-04 00:05:42.305+00","33","CYCLE_COUNT"
"2026-02-04 00:05:54.829+00","34","CYCLE_COUNT"
"2026-02-04 00:06:05.851+00","35","CYCLE_COUNT"
"2026-02-04 00:06:16.369+00","36","CYCLE_COUNT"
"2026-02-04 00:06:35.907+00","37","CYCLE_COUNT"
"2026-02-04 00:06:48.426+00","38","CYCLE_COUNT"
"2026-02-04 00:07:04.954+00","39","CYCLE_COUNT"
"2026-02-04 00:07:15.972+00","40","CYCLE_COUNT"
"2026-02-04 00:07:23.486+00","41","CYCLE_COUNT"
"2026-02-04 00:07:40.012+00","42","CYCLE_COUNT"
"2026-02-04 00:07:54.538+00","43","CYCLE_COUNT"
"2026-02-04 00:08:06.06+00","44","CYCLE_COUNT"
"2026-02-04 00:08:23.593+00","45","CYCLE_COUNT"
"2026-02-04 00:08:33.109+00","46","CYCLE_COUNT"
"2026-02-04 00:08:46.131+00","47","CYCLE_COUNT"
"2026-02-04 00:09:03.665+00","48","CYCLE_COUNT"
"2026-02-04 00:09:13.181+00","49","CYCLE_COUNT"
"2026-02-04 00:09:24.703+00","50","CYCLE_COUNT"
"2026-02-04 00:09:37.728+00","51","CYCLE_COUNT"
"2026-02-04 00:09:54.259+00","52","CYCLE_COUNT"
"2026-02-04 00:10:13.295+00","53","CYCLE_COUNT"
"2026-02-04 00:10:24.314+00","54","CYCLE_COUNT"
"2026-02-04 00:10:38.841+00","55","CYCLE_COUNT"
"2026-02-04 00:10:49.861+00","56","CYCLE_COUNT"
"2026-02-04 00:11:02.885+00","57","CYCLE_COUNT"
"2026-02-04 00:11:16.911+00","58","CYCLE_COUNT"
"2026-02-04 00:11:31.437+00","59","CYCLE_COUNT"
"2026-02-04 00:11:44.462+00","60","CYCLE_COUNT"
"2026-02-04 00:11:57.484+00","61","CYCLE_COUNT"
"2026-02-04 00:12:12.011+00","62","CYCLE_COUNT"
"2026-02-04 00:12:27.041+00","63","CYCLE_COUNT"
"2026-02-04 00:12:36.059+00","64","CYCLE_COUNT"
"2026-02-04 00:12:50.084+00","65","CYCLE_COUNT"
"2026-02-04 00:13:01.103+00","66","CYCLE_COUNT"
"2026-02-04 00:13:15.635+00","67","CYCLE_COUNT"
"2026-02-04 00:13:25.658+00","68","CYCLE_COUNT"
"2026-02-04 00:13:34.674+00","69","CYCLE_COUNT"
"2026-02-04 00:13:46.194+00","70","CYCLE_COUNT"
"2026-02-04 00:13:55.208+00","71","CYCLE_COUNT"
"2026-02-04 00:14:07.232+00","72","CYCLE_COUNT"
"2026-02-04 00:14:18.751+00","73","CYCLE_COUNT"
"2026-02-04 00:14:33.78+00","74","CYCLE_COUNT"
"2026-02-04 00:14:43.299+00","75","CYCLE_COUNT"
"2026-02-04 00:14:53.314+00","76","CYCLE_COUNT"
"2026-02-04 00:15:02.833+00","77","CYCLE_COUNT"
"2026-02-04 00:15:17.36+00","78","CYCLE_COUNT"
"2026-02-04 00:15:29.383+00","79","CYCLE_COUNT"
"2026-02-04 00:15:43.408+00","80","CYCLE_COUNT"
"2026-02-04 00:15:55.433+00","81","CYCLE_COUNT"
"2026-02-04 00:16:02.947+00","82","CYCLE_COUNT"
"2026-02-04 00:16:14.97+00","83","CYCLE_COUNT"
"2026-02-04 00:16:26.489+00","84","CYCLE_COUNT"
"2026-02-04 00:16:37.007+00","85","CYCLE_COUNT"
"2026-02-04 00:16:54.543+00","86","CYCLE_COUNT"
"2026-02-04 00:17:03.56+00","87","CYCLE_COUNT"
"2026-02-04 00:17:13.578+00","88","CYCLE_COUNT"
"2026-02-04 00:17:24.099+00","89","CYCLE_COUNT"
"2026-02-04 00:17:34.619+00","90","CYCLE_COUNT"
"2026-02-04 00:17:43.632+00","91","CYCLE_COUNT"
"2026-02-04 00:18:04.669+00","92","CYCLE_COUNT"
"2026-02-04 00:18:12.685+00","93","CYCLE_COUNT"
"2026-02-04 00:18:26.209+00","94","CYCLE_COUNT"
"2026-02-04 00:18:35.226+00","95","CYCLE_COUNT"
"2026-02-04 00:18:47.75+00","96","CYCLE_COUNT"
"2026-02-04 00:18:58.291+00","97","CYCLE_COUNT"
"2026-02-04 00:19:16.323+00","98","CYCLE_COUNT"
"2026-02-04 00:19:25.84+00","99","CYCLE_COUNT"
"2026-02-04 00:19:38.864+00","100","CYCLE_COUNT"
"2026-02-04 00:19:47.379+00","101","CYCLE_COUNT"
"2026-02-04 00:19:59.902+00","102","CYCLE_COUNT"
"2026-02-04 00:20:07.415+00","103","CYCLE_COUNT"
"2026-02-04 00:20:26.451+00","104","CYCLE_COUNT"
"2026-02-04 00:20:34.967+00","105","CYCLE_COUNT"
"2026-02-04 00:20:46.489+00","106","CYCLE_COUNT"
"2026-02-04 00:20:57.01+00","107","CYCLE_COUNT"
"2026-02-04 00:21:10.03+00","108","CYCLE_COUNT"
"2026-02-04 00:21:20.05+00","109","CYCLE_COUNT"
"2026-02-04 00:21:37.08+00","110","CYCLE_COUNT"
"2026-02-04 00:21:46.096+00","111","CYCLE_COUNT"
"2026-02-04 00:22:00.121+00","112","CYCLE_COUNT"
"2026-02-04 00:22:10.639+00","113","CYCLE_COUNT"
"2026-02-04 00:22:19.654+00","114","CYCLE_COUNT"
"2026-02-04 00:22:33.182+00","115","CYCLE_COUNT"
"2026-02-04 00:22:46.707+00","116","CYCLE_COUNT"
"2026-02-04 00:23:01.735+00","117","CYCLE_COUNT"
"2026-02-04 00:23:11.754+00","118","CYCLE_COUNT"
"2026-02-04 00:23:23.276+00","119","CYCLE_COUNT"
"2026-02-04 00:23:31.786+00","120","CYCLE_COUNT"
"2026-02-04 00:23:44.309+00","121","CYCLE_COUNT"
"2026-02-04 00:25:08.428+00","1","CYCLE_COUNT"
"2026-02-04 00:25:33.01+00","2","CYCLE_COUNT"
"2026-02-04 00:25:43.529+00","3","CYCLE_COUNT"
"2026-02-04 00:25:51.041+00","4","CYCLE_COUNT"
"2026-02-04 00:26:00.557+00","5","CYCLE_COUNT"