,system__count,shuttle_pre_scan_time,shuttle_scan_success_time,shuttle_post_scan_delay,shuttle_carrier_motion_time,shuttle_stopper_lowering_time,shuttle_pallet_release_time,shuttle_stopper_rising_time,l1_buffer_a__buffer_holding_time,l1_buffer_a__buffer_stopper_lowering_time,l1_buffer_a__buffer_pallet_release_time,l1_buffer_a__buffer_stopper_rising_time,l1_dispenser__dispenser_entry_unclamp_time,l1_dispenser__dispenser_delay_post_entry_unclamp,l1_dispenser__dispenser_pallet_lifting_1_time,l1_dispenser__dispenser_entry_clamping_time,l1_dispenser__dispenser_delay_post_clamping,l1_dispenser__dispenser_pallet_stopper_releasing_time,l1_dispenser__dispenser_delay_pre_gantry_positioning,l1_dispenser__dispenser_gantry_positioning_time,l1_dispenser__dispenser_dispensing_time,l1_dispenser__dispenser_pallet_unpositioning_time,l1_dispenser__dispenser_pallet_stopper_locking_time,l1_dispenser__dispenser_pre_exit_unclamping,l1_dispenser__dispenser_exit_unclamping,l1_dispenser__dispenser_post_exit_unclamp,l1_dispenser__dispenser_pallet_lowering_1,l1_dispenser__dispenser_stopper_lowering,l1_dispenser__dispenser_pallet_releasing,l1_dispenser__dispenser_stopper_rasing,l1_inspection__inspection_lifter_rising_time,l1_inspection__inspection_gantry_positioning_time,l1_inspection__inspection_core_vision_system_time,l1_inspection__inspection_post_vision_check_delay,l1_inspection__inspection_lifter_lowering_time,l1_inspection__inspection_pallet_releasing_time,timestamp,system__cycle_time,system__total_time,system__rolling_uph,system__ng_pallets,system__yield,system__total_units,system__total_pallets,system__ok_pallets
0,2.0,0.011,1.38,0.514,3.826,0.084,3.927,0.084,0.001,0.102,3.722,0.081,0.0,1.001,0.265,0.33,1.501,0.125,0.001,1.733,10.556,1.711,0.126,1.001,0.166,0.001,0.302,0.125,3.542,0.167,0.0,7.417,6.237,0.0,1.005,7.817,2026-01-24 03:38:08.613,71.8012,10917.42,98.0,0.0,100.0,360.0,360.0,360.0
1,4.0,0.01,0.722,0.514,3.925,0.084,3.922,0.083,0.0,0.103,3.715,0.083,0.001,1.002,0.256,0.332,1.502,0.124,0.0,1.736,10.555,1.712,0.125,1.0,0.185,0.001,0.302,0.125,3.532,0.165,0.0,7.414,6.239,0.0,1.005,7.721,2026-01-24 03:38:50.926,19.8891,10955.79,98.0,0.0,100.0,362.0,362.0,362.0
2,6.0,0.01,1.394,0.515,3.926,0.103,3.925,0.083,0.0,0.102,3.721,0.081,0.001,1.002,0.257,0.331,1.5,0.123,0.002,1.736,10.548,1.709,0.125,1.0,0.187,0.001,0.303,0.125,3.527,0.167,0.0,7.426,6.237,0.0,1.007,7.722,2026-01-24 03:39:47.818,14.6457,11005.04,98.0,0.0,100.0,364.0,364.0,364.0
3,8.0,0.01,0.714,0.514,3.928,0.083,3.923,0.083,0.001,0.103,3.715,0.084,0.0,1.002,0.264,0.331,1.501,0.124,0.001,1.737,10.554,1.711,0.124,1.001,0.188,0.001,0.3,0.125,3.528,0.167,0.0,7.435,6.236,0.0,1.006,7.718,2026-01-24 03:40:33.136,36.9026,11061.94,98.0,0.0,100.0,366.0,366.0,366.0
4,10.0,0.011,0.716,0.513,3.927,0.084,3.926,0.082,0.0,0.104,3.715,0.082,0.0,1.002,0.261,0.334,1.502,0.125,0.001,1.735,10.551,1.712,0.125,1.0,0.188,0.001,0.301,0.125,3.529,0.167,0.0,7.416,6.231,0.0,1.005,7.416,2026-01-24 03:41:26.417,14.1402,11094.68,98.0,0.0,100.0,368.0,368.0,368.0
5,12.0,0.01,0.715,0.513,3.833,0.083,3.927,0.084,0.0,0.107,3.719,0.081,0.0,1.001,0.258,0.335,1.5,0.123,0.001,1.737,10.55,1.711,0.125,1.0,0.187,0.002,0.301,0.127,3.526,0.166,0.0,7.422,6.244,0.0,1.005,7.618,2026-01-24 03:42:16.672,18.9148,11149.87,98.0,0.0,100.0,370.0,370.0,370.0
6,14.0,0.011,1.396,0.512,3.834,0.084,3.928,0.085,0.0,0.105,3.717,0.083,0.0,1.002,0.265,0.332,1.5,0.123,0.002,1.732,10.554,1.71,0.125,1.001,0.186,0.001,0.302,0.123,3.526,0.17,0.0,7.421,6.235,0.0,1.007,7.819,2026-01-24 03:42:53.137,31.5705,11200.32,98.0,0.0,100.0,372.0,372.0,372.0
7,16.0,0.011,0.711,0.513,3.925,0.084,3.934,0.083,0.0,0.104,3.723,0.083,0.0,1.001,0.264,0.332,1.502,0.126,0.0,1.733,10.545,1.711,0.125,1.001,0.189,0.001,0.304,0.126,3.527,0.166,0.0,7.42,6.233,0.0,1.006,7.615,2026-01-24 03:43:44.119,17.4329,11236.58,98.0,0.0,100.0,374.0,374.0,374.0
8,18.0,0.01,0.718,0.512,3.829,0.083,3.93,0.083,0.0,0.106,3.719,0.083,0.0,1.002,0.255,0.331,1.501,0.125,0.001,1.735,10.554,1.71,0.123,1.001,0.189,0.001,0.304,0.123,3.523,0.168,0.0,7.427,6.234,0.0,1.006,7.724,2026-01-24 03:44:37.484,18.2526,11287.67,98.0,0.0,100.0,376.0,376.0,376.0
9,20.0,0.01,1.396,0.514,3.931,0.102,3.927,0.083,0.0,0.104,3.718,0.082,0.0,1.002,0.265,0.334,1.501,0.124,0.001,1.734,10.559,1.715,0.126,1.001,0.187,0.002,0.303,0.126,3.529,0.185,0.0,7.436,6.236,0.0,1.007,7.823,2026-01-24 03:45:27.755,34.9855,11341.19,98.0,0.0,100.0,378.0,378.0,378.0
10,22.0,0.01,0.716,0.516,3.825,0.083,3.925,0.085,0.0,0.105,3.724,0.083,0.001,1.002,0.265,0.33,1.503,0.124,0.002,1.735,10.553,1.712,0.125,1.0,0.171,0.001,0.302,0.124,3.523,0.167,0.0,7.427,6.242,0.0,1.007,7.821,2026-01-24 03:46:04.817,31.662,11391.42,98.0,0.0,100.0,380.0,380.0,380.0
11,24.0,0.011,0.72,0.514,3.827,0.083,3.929,0.083,0.0,0.104,3.723,0.084,0.0,1.001,0.263,0.334,1.501,0.125,0.001,1.738,10.555,1.713,0.126,1.001,0.186,0.0,0.302,0.125,3.523,0.168,0.0,7.423,6.24,0.0,1.005,7.622,2026-01-24 03:46:59.187,16.0434,11428.27,98.0,0.0,100.0,382.0,382.0,382.0
12,26.0,0.011,1.392,0.513,3.929,0.101,3.932,0.083,0.0,0.105,3.718,0.083,0.0,1.002,0.265,0.334,1.501,0.126,0.002,1.735,10.563,1.707,0.126,1.001,0.187,0.001,0.302,0.125,3.524,0.165,0.0,7.429,6.239,0.0,1.008,7.511,2026-01-24 03:47:46.546,22.6523,11482.53,98.0,0.0,100.0,384.0,384.0,384.0
13,28.0,0.011,0.703,0.513,3.927,0.082,3.924,0.084,0.0,0.101,3.723,0.083,0.0,1.001,0.263,0.328,1.502,0.124,0.001,1.73,10.554,1.713,0.127,1.0,0.188,0.001,0.303,0.124,3.524,0.166,0.0,7.435,6.243,0.0,1.006,7.523,2026-01-24 03:48:29.106,28.3979,11529.92,98.0,0.0,100.0,386.0,386.0,386.0
14,30.0,0.011,0.725,0.514,3.927,0.084,3.927,0.084,0.0,0.105,3.72,0.082,0.0,1.002,0.255,0.334,1.501,0.125,0.001,1.736,10.56,1.712,0.127,1.001,0.19,0.001,0.302,0.127,3.523,0.168,0.0,7.421,6.247,0.0,1.005,7.321,2026-01-24 03:49:21.174,18.6761,11572.27,98.0,0.0,100.0,388.0,388.0,388.0
15,32.0,0.011,0.709,0.513,3.928,0.085,3.925,0.083,0.0,0.105,3.717,0.084,0.0,1.003,0.263,0.33,1.501,0.125,0.001,1.74,10.562,1.714,0.125,1.0,0.187,0.0,0.302,0.125,3.525,0.166,0.0,7.419,6.236,0.0,1.008,7.723,2026-01-24 03:50:06.772,26.407,11624.73,98.0,0.0,100.0,390.0,390.0,390.0
16,34.0,0.01,0.716,0.512,3.924,0.103,3.933,0.083,0.0,0.103,3.724,0.084,0.0,1.003,0.262,0.334,1.501,0.124,0.001,1.732,10.558,1.71,0.123,1.001,0.188,0.001,0.301,0.124,3.526,0.167,0.0,7.432,6.241,0.0,1.005,7.619,2026-01-24 03:50:50.979,26.5811,11670.23,98.0,0.0,100.0,392.0,392.0,392.0
17,36.0,0.011,1.389,0.514,3.926,0.083,3.925,0.084,0.0,0.104,3.72,0.083,0.0,1.002,0.262,0.328,1.502,0.108,0.001,1.735,10.558,1.712,0.125,1.0,0.187,0.0,0.302,0.126,3.527,0.168,0.0,7.439,6.237,0.0,1.005,7.62,2026-01-24 03:51:40.534,20.3413,11714.45,98.0,0.0,100.0,394.0,394.0,394.0
18,38.0,0.01,1.398,0.513,3.924,0.083,3.923,0.085,0.0,0.101,3.726,0.083,0.0,1.001,0.264,0.334,1.501,0.126,0.001,1.74,10.552,1.707,0.124,1.001,0.187,0.001,0.301,0.126,3.525,0.165,0.0,7.419,6.236,0.0,1.006,7.521,2026-01-24 03:52:25.989,24.4881,11763.88,98.0,0.0,100.0,396.0,396.0,396.0
19,40.0,0.01,0.721,0.513,3.928,0.104,3.935,0.084,0.0,0.105,3.718,0.083,0.0,1.002,0.264,0.333,1.501,0.126,0.001,1.736,10.556,1.711,0.125,1.0,0.186,0.001,0.302,0.123,3.522,0.165,0.0,7.413,6.233,0.0,1.007,7.619,2026-01-24 03:53:09.907,26.0935,11809.42,98.0,0.0,100.0,398.0,398.0,398.0
20,42.0,0.01,0.713,0.512,3.83,0.085,3.927,0.083,0.0,0.101,3.718,0.083,0.0,1.002,0.263,0.332,1.501,0.124,0.001,1.736,10.555,1.709,0.122,1.0,0.185,0.002,0.303,0.123,3.522,0.168,0.0,7.419,6.24,0.0,1.007,7.52,2026-01-24 03:53:59.763,20.2288,11853.25,98.0,0.0,100.0,400.0,400.0,400.0
21,44.0,0.01,1.389,0.514,3.925,0.103,3.933,0.084,0.0,0.101,3.72,0.083,0.0,1.002,0.262,0.334,1.502,0.124,0.001,1.734,10.545,1.71,0.124,1.0,0.187,0.001,0.301,0.126,3.522,0.166,0.0,7.424,6.235,0.0,1.007,7.821,2026-01-24 03:54:47.528,22.4471,11903.41,98.0,0.0,100.0,402.0,402.0,402.0
22,46.0,0.011,0.713,0.512,3.828,0.082,3.925,0.084,0.0,0.103,3.72,0.084,0.0,1.002,0.264,0.331,1.501,0.124,0.0,1.736,10.549,1.712,0.125,1.002,0.188,0.002,0.302,0.125,3.525,0.169,0.0,7.426,6.236,0.0,1.007,7.822,2026-01-24 03:55:30.098,29.0089,11951.2,98.0,0.0,100.0,404.0,404.0,404.0
23,48.0,0.01,0.711,0.514,3.827,0.084,3.93,0.083,0.0,0.104,3.724,0.084,0.0,1.002,0.264,0.334,1.502,0.125,0.002,1.734,10.555,1.711,0.125,1.001,0.19,0.0,0.302,0.126,3.521,0.165,0.001,7.416,6.235,0.001,1.008,7.825,2026-01-24 03:56:19.464,20.3193,11993.75,98.0,0.0,100.0,406.0,406.0,406.0
24,50.0,0.011,1.384,0.514,3.927,0.102,3.925,0.084,0.0,0.105,3.715,0.083,0.0,1.002,0.265,0.334,1.501,0.124,0.0,1.74,10.555,1.711,0.126,1.0,0.187,0.001,0.301,0.126,3.526,0.166,0.0,7.42,6.232,0.0,1.007,7.848,2026-01-24 03:57:07.847,22.5791,12043.13,98.0,0.0,100.0,408.0,408.0,408.0
25,52.0,0.01,0.72,0.514,3.926,0.084,3.927,0.084,0.0,0.101,3.722,0.083,0.0,1.001,0.261,0.315,1.502,0.126,0.001,1.736,10.56,1.713,0.125,1.001,0.186,0.001,0.301,0.126,3.525,0.167,0.0,7.426,6.242,0.0,1.004,7.722,2026-01-24 03:57:49.412,29.0554,12091.41,98.0,0.0,100.0,410.0,410.0,410.0
26,54.0,0.01,0.718,0.514,3.925,0.103,3.926,0.084,0.0,0.103,3.719,0.083,0.0,1.001,0.263,0.331,1.503,0.122,0.001,1.728,10.546,1.712,0.123,1.001,0.187,0.001,0.301,0.124,3.524,0.167,0.0,7.434,6.234,0.0,1.006,7.724,2026-01-24 03:58:38.517,20.1098,12132.98,98.0,0.0,100.0,412.0,412.0,412.0
27,56.0,0.011,1.377,0.513,3.828,0.084,3.93,0.082,0.0,0.104,3.717,0.082,0.0,1.002,0.262,0.331,1.501,0.125,0.001,1.737,10.556,1.717,0.126,1.001,0.188,0.001,0.302,0.124,3.52,0.167,0.0,7.422,6.231,0.0,1.005,7.819,2026-01-24 03:59:29.437,19.54,12182.17,98.0,0.0,100.0,414.0,414.0,414.0
28,58.0,0.01,0.711,0.514,3.828,0.084,3.929,0.083,0.0,0.103,3.721,0.084,0.0,1.002,0.265,0.332,1.501,0.126,0.001,1.733,10.555,1.711,0.127,1.001,0.187,0.002,0.301,0.124,3.525,0.168,0.0,7.421,6.235,0.0,1.006,7.823,2026-01-24 04:00:10.635,28.5375,12233.1,98.0,0.0,100.0,416.0,416.0,416.0
29,60.0,0.01,0.718,0.513,3.923,0.102,3.937,0.083,0.0,0.105,3.725,0.082,0.0,1.001,0.263,0.332,1.501,0.106,0.002,1.736,10.56,1.709,0.124,1.001,0.188,0.001,0.3,0.123,3.524,0.167,0.0,7.434,6.233,0.0,1.006,7.82,2026-01-24 04:00:58.853,22.0876,12274.31,98.0,0.0,100.0,418.0,418.0,418.0
30,62.0,0.011,1.388,0.515,3.925,0.103,3.927,0.082,0.0,0.104,3.719,0.083,0.0,1.001,0.262,0.332,1.501,0.124,0.001,1.733,10.55,1.713,0.125,1.0,0.189,0.001,0.301,0.125,3.524,0.167,0.0,7.414,6.236,0.0,1.009,7.82,2026-01-24 04:01:48.220,19.9337,12322.51,98.0,0.0,100.0,420.0,420.0,420.0
31,64.0,0.011,0.704,0.515,3.928,0.09,3.923,0.082,0.0,0.105,3.722,0.084,0.0,1.002,0.265,0.331,1.503,0.126,0.001,1.756,10.557,1.709,0.126,1.0,0.187,0.001,0.302,0.126,3.522,0.168,0.0,7.437,6.234,0.0,1.008,7.819,2026-01-24 04:02:31.313,26.9461,12371.89,98.0,0.0,100.0,422.0,422.0,422.0
32,66.0,0.01,0.714,0.513,3.924,0.084,3.922,0.084,0.0,0.102,3.718,0.081,0.0,1.002,0.266,0.334,1.5,0.125,0.001,1.734,10.548,1.714,0.123,1.001,0.187,0.002,0.301,0.124,3.526,0.165,0.0,7.424,6.234,0.0,1.006,7.716,2026-01-24 04:03:22.903,18.1223,12414.87,98.0,0.0,100.0,424.0,424.0,424.0
33,68.0,0.011,1.368,0.513,3.828,0.084,3.925,0.082,0.0,0.103,3.722,0.085,0.0,1.003,0.262,0.331,1.501,0.125,0.001,1.735,10.549,1.71,0.126,1.001,0.186,0.001,0.303,0.125,3.52,0.166,0.0,7.423,6.229,0.0,1.005,7.825,2026-01-24 04:04:08.913,24.8279,12466.56,98.0,0.0,100.0,426.0,426.0,426.0
34,70.0,0.011,0.712,0.513,3.93,0.083,3.919,0.085,0.0,0.102,3.719,0.084,0.0,1.001,0.262,0.333,1.501,0.126,0.001,1.738,10.549,1.713,0.123,1.001,0.187,0.002,0.3,0.125,3.521,0.167,0.0,7.418,6.236,0.0,1.008,7.818,2026-01-24 04:04:52.159,27.2394,12512.56,98.0,0.0,100.0,428.0,428.0,428.0
35,72.0,0.011,1.399,0.514,3.924,0.083,3.93,0.084,0.0,0.105,3.822,0.084,0.0,1.002,0.256,0.33,1.502,0.126,0.001,1.735,10.587,1.717,0.126,1.0,0.188,0.001,0.302,0.126,3.522,0.165,0.0,7.426,6.245,0.0,1.006,7.821,2026-01-24 04:05:43.345,18.1031,12555.83,98.0,0.0,100.0,430.0,430.0,430.0
36,74.0,0.011,1.377,0.514,3.933,0.084,3.925,0.082,0.0,0.104,3.719,0.083,0.0,1.001,0.263,0.333,1.501,0.125,0.001,1.734,10.557,1.708,0.125,1.0,0.189,0.001,0.301,0.126,3.53,0.184,0.0,7.416,6.242,0.0,1.005,7.817,2026-01-24 04:06:29.115,24.3818,12607.02,98.0,0.0,100.0,432.0,432.0,432.0
37,76.0,0.012,0.721,0.513,3.923,0.084,3.923,0.084,0.0,0.105,3.715,0.085,0.0,1.002,0.261,0.331,1.5,0.125,0.002,1.734,10.554,1.711,0.125,1.001,0.186,0.001,0.3,0.126,3.517,0.166,0.0,7.426,6.236,0.0,1.008,7.418,2026-01-24 04:07:11.557,26.5618,12652.36,98.0,0.0,100.0,434.0,434.0,434.0
38,78.0,0.01,0.712,0.512,3.826,0.083,3.922,0.084,0.0,0.105,3.723,0.083,0.0,1.002,0.256,0.332,1.502,0.124,0.001,1.733,10.552,1.712,0.126,1.0,0.186,0.002,0.301,0.143,3.523,0.168,0.001,7.428,6.232,0.0,1.007,7.818,2026-01-24 04:08:05.812,19.046,12695.24,98.0,0.0,100.0,436.0,436.0,436.0
39,80.0,0.01,1.39,0.513,3.828,0.084,3.929,0.082,0.001,0.108,3.716,0.082,0.0,1.003,0.255,0.328,1.502,0.126,0.001,1.737,10.552,1.704,0.125,1.001,0.188,0.001,0.303,0.126,3.527,0.168,0.0,7.417,6.232,0.0,1.008,7.822,2026-01-24 04:08:54.800,27.5496,12749.47,98.0,0.0,100.0,438.0,438.0,438.0
40,82.0,0.011,0.723,0.513,3.923,0.083,3.929,0.082,0.0,0.103,3.718,0.083,0.0,1.001,0.256,0.331,1.503,0.125,0.001,1.732,10.557,1.716,0.126,1.0,0.186,0.0,0.301,0.126,3.522,0.167,0.0,7.43,6.24,0.0,1.006,7.819,2026-01-24 04:09:38.366,28.4499,12798.47,98.0,0.0,100.0,440.0,440.0,440.0
41,84.0,0.01,0.716,0.513,3.928,0.104,3.925,0.084,0.0,0.105,3.72,0.083,0.0,1.002,0.262,0.33,1.502,0.125,0.001,1.731,10.555,1.711,0.125,1.001,0.186,0.001,0.303,0.124,3.528,0.166,0.001,7.419,6.232,0.0,1.006,7.815,2026-01-24 04:10:31.501,19.6184,12842.03,98.0,0.0,100.0,442.0,442.0,442.0
42,86.0,0.01,1.384,0.513,3.831,0.084,3.924,0.084,0.0,0.104,3.723,0.083,0.001,1.002,0.263,0.333,1.501,0.125,0.001,1.735,10.56,1.713,0.124,1.001,0.188,0.001,0.302,0.126,3.52,0.168,0.0,7.424,6.231,0.0,1.007,7.825,2026-01-24 04:11:20.413,23.8455,12895.18,98.0,0.0,100.0,444.0,444.0,444.0
43,88.0,0.01,0.716,0.515,3.83,0.084,3.927,0.082,0.0,0.103,3.721,0.084,0.0,1.002,0.263,0.332,1.502,0.125,0.002,1.733,10.56,1.714,0.126,1.001,0.186,0.002,0.301,0.125,3.529,0.185,0.0,7.427,6.237,0.0,1.006,7.715,2026-01-24 04:12:00.552,30.2764,12944.02,98.0,0.0,100.0,446.0,446.0,446.0
44,90.0,0.01,0.716,0.514,3.921,0.084,3.918,0.084,0.0,0.101,3.717,0.082,0.0,1.001,0.264,0.332,1.502,0.124,0.001,1.735,10.559,1.71,0.126,1.0,0.187,0.001,0.303,0.124,3.523,0.166,0.0,7.425,6.232,0.0,1.006,7.315,2026-01-24 04:12:56.808,16.3439,12983.72,98.0,0.0,100.0,448.0,448.0,448.0
45,92.0,0.011,1.387,0.515,3.927,0.084,3.922,0.083,0.0,0.105,3.72,0.082,0.0,1.0,0.264,0.332,1.502,0.125,0.0,1.735,10.55,1.711,0.123,1.001,0.187,0.001,0.302,0.125,3.524,0.166,0.0,7.422,6.236,0.0,1.008,7.822,2026-01-24 04:13:42.214,25.3229,13040.48,98.0,0.0,100.0,450.0,450.0,450.0
46,94.0,0.011,0.713,0.514,3.926,0.103,3.922,0.082,0.0,0.105,3.715,0.082,0.0,1.002,0.264,0.33,1.501,0.124,0.001,1.731,10.552,1.708,0.124,1.001,0.185,0.0,0.302,0.124,3.524,0.166,0.0,7.419,6.234,0.0,1.002,7.725,2026-01-24 04:14:26.955,26.6456,13085.77,98.0,0.0,100.0,452.0,452.0,452.0
47,96.0,0.012,1.393,0.511,3.929,0.103,3.93,0.081,0.0,0.104,3.721,0.085,0.0,1.001,0.265,0.332,1.501,0.126,0.0,1.736,10.556,1.718,0.125,1.0,0.187,0.001,0.302,0.124,3.53,0.167,0.0,7.429,6.232,0.0,1.006,7.818,2026-01-24 04:15:17.849,20.1652,13130.65,98.0,0.0,100.0,454.0,454.0,454.0
48,98.0,0.01,0.717,0.515,3.924,0.083,3.927,0.083,0.0,0.105,3.724,0.082,0.0,1.002,0.255,0.332,1.502,0.125,0.002,1.732,10.557,1.713,0.127,1.001,0.187,0.001,0.302,0.127,3.521,0.166,0.0,7.433,6.234,0.0,1.006,7.818,2026-01-24 04:16:06.930,23.6323,13181.54,98.0,0.0,100.0,456.0,456.0,456.0
49,100.0,0.011,0.725,0.513,3.929,0.084,3.931,0.082,0.0,0.104,3.714,0.083,0.0,1.001,0.265,0.332,1.501,0.125,0.001,1.732,10.561,1.714,0.125,1.0,0.188,0.001,0.301,0.125,3.527,0.169,0.0,7.421,6.233,0.0,1.008,7.82,2026-01-24 04:16:49.479,28.7833,13230.62,98.0,0.0,100.0,458.0,458.0,458.0
50,102.0,0.01,0.713,0.513,3.925,0.084,3.93,0.083,0.0,0.103,3.724,0.084,0.0,1.002,0.261,0.33,1.502,0.126,0.005,1.735,10.557,1.71,0.123,1.001,0.19,0.001,0.303,0.123,3.531,0.165,0.0,7.429,6.236,0.0,1.007,7.719,2026-01-24 04:17:42.233,18.6955,13273.08,98.0,0.0,100.0,460.0,460.0,460.0
51,104.0,0.011,1.384,0.512,3.928,0.083,3.929,0.084,0.0,0.104,3.716,0.083,0.0,1.001,0.255,0.33,1.501,0.124,0.001,1.736,10.548,1.709,0.124,1.0,0.189,0.001,0.3,0.124,3.527,0.168,0.0,7.427,6.24,0.0,1.007,7.817,2026-01-24 04:18:30.096,24.442,13325.93,98.0,0.0,100.0,462.0,462.0,462.0
52,106.0,0.01,0.719,0.513,3.926,0.084,3.928,0.083,0.0,0.103,3.723,0.084,0.0,1.002,0.263,0.332,1.502,0.125,0.001,1.731,10.559,1.71,0.124,1.001,0.187,0.001,0.302,0.124,3.52,0.165,0.0,7.422,6.238,0.0,1.003,7.817,2026-01-24 04:19:13.199,28.057,13373.78,98.0,0.0,100.0,464.0,464.0,464.0
53,108.0,0.011,0.73,0.513,3.928,0.084,3.927,0.084,0.0,0.104,3.719,0.083,0.0,1.003,0.263,0.328,1.503,0.125,0.001,1.734,10.561,1.708,0.126,1.0,0.188,0.002,0.301,0.123,3.522,0.165,0.0,7.435,6.242,0.0,1.005,7.817,2026-01-24 04:20:03.921,19.6061,13416.89,98.0,0.0,100.0,466.0,466.0,466.0
54,110.0,0.011,1.393,0.513,3.92,0.084,3.926,0.083,0.0,0.1,3.722,0.081,0.0,1.001,0.255,0.331,1.502,0.122,0.002,1.734,10.553,1.707,0.125,1.001,0.187,0.001,0.3,0.125,3.524,0.165,0.0,7.426,6.232,0.0,1.007,7.819,2026-01-24 04:20:52.791,21.6162,13467.62,98.0,0.0,100.0,468.0,468.0,468.0
55,112.0,0.01,0.714,0.513,3.926,0.083,3.929,0.085,0.0,0.102,3.72,0.084,0.0,1.001,0.265,0.333,1.5,0.125,0.001,1.736,10.563,1.712,0.125,1.0,0.186,0.0,0.302,0.126,3.52,0.167,0.0,7.435,6.239,0.0,1.005,7.826,2026-01-24 04:21:35.398,27.6326,13516.51,98.0,0.0,100.0,470.0,470.0,470.0
56,114.0,0.01,0.716,0.513,3.928,0.103,3.926,0.084,0.0,0.106,3.717,0.084,0.0,1.002,0.265,0.334,1.501,0.125,0.002,1.73,10.556,1.714,0.126,1.0,0.188,0.001,0.303,0.126,3.519,0.167,0.0,7.429,6.239,0.0,1.005,7.821,2026-01-24 04:22:26.413,20.3685,13559.1,98.0,0.0,100.0,472.0,472.0,472.0
57,116.0,0.011,0.78,0.516,3.828,0.083,3.931,0.083,0.0,0.104,3.723,0.084,0.0,1.001,0.263,0.333,1.501,0.129,0.001,1.736,10.553,1.715,0.127,1.0,0.185,0.002,0.303,0.125,3.524,0.185,0.0,7.42,6.237,0.0,1.008,7.816,2026-01-24 04:23:13.011,23.1705,13610.13,98.0,0.0,100.0,474.0,474.0,474.0
58,118.0,0.01,0.71,0.513,3.922,0.088,3.929,0.083,0.0,0.105,3.72,0.084,0.0,1.002,0.262,0.315,1.502,0.125,0.001,1.734,10.547,1.711,0.124,1.001,0.188,0.001,0.302,0.125,3.523,0.167,0.0,7.427,6.237,0.0,1.008,7.817,2026-01-24 04:23:57.729,26.5648,13656.71,98.0,0.0,100.0,476.0,476.0,476.0
59,120.0,0.011,1.376,0.514,3.933,0.086,3.925,0.083,0.0,0.104,3.713,0.083,0.0,1.001,0.263,0.333,1.502,0.123,0.001,1.731,10.551,1.708,0.125,1.001,0.188,0.0,0.302,0.126,3.531,0.168,0.0,7.425,6.239,0.0,1.009,7.817,2026-01-24 04:24:51.224,19.1249,13701.43,98.0,0.0,100.0,478.0,478.0,478.0
60,122.0,0.01,1.39,0.515,3.827,0.084,3.928,0.082,0.0,0.104,3.721,0.084,0.0,1.001,0.264,0.33,1.5,0.124,0.002,1.755,10.554,1.71,0.125,1.0,0.186,0.001,0.302,0.123,3.524,0.168,0.0,7.409,6.236,0.0,1.006,7.822,2026-01-24 04:25:34.762,28.3412,13754.9,98.0,0.0,100.0,480.0,480.0,480.0
61,124.0,0.01,0.713,0.513,3.929,0.083,3.93,0.082,0.0,0.102,3.725,0.083,0.0,1.001,0.262,0.333,1.502,0.124,0.001,1.733,10.555,1.715,0.124,1.001,0.187,0.0,0.303,0.125,3.525,0.168,0.0,7.428,6.235,0.0,1.008,7.818,2026-01-24 04:26:27.819,17.2813,13798.46,98.0,0.0,100.0,482.0,482.0,482.0
62,126.0,0.011,0.712,0.513,3.926,0.083,3.923,0.083,0.0,0.104,3.724,0.083,0.001,1.001,0.264,0.333,1.503,0.126,0.0,1.736,10.552,1.709,0.122,1.001,0.186,0.002,0.301,0.125,3.523,0.165,0.0,7.425,6.231,0.001,1.008,7.825,2026-01-24 04:27:19.080,21.73,13851.51,98.0,0.0,100.0,484.0,484.0,484.0
63,128.0,0.01,1.401,0.514,3.924,0.084,3.928,0.083,0.0,0.105,3.719,0.083,0.0,1.002,0.262,0.331,1.501,0.125,0.001,1.738,10.554,1.709,0.126,1.001,0.187,0.001,0.303,0.126,3.527,0.168,0.0,7.418,6.231,0.0,1.008,7.625,2026-01-24 04:27:58.464,32.3945,13902.57,98.0,0.0,100.0,486.0,486.0,486.0
64,130.0,0.011,0.714,0.512,3.923,0.104,3.93,0.083,0.0,0.105,3.719,0.083,0.0,1.001,0.259,0.317,1.502,0.124,0.001,1.733,10.548,1.711,0.124,1.001,0.187,0.001,0.3,0.126,3.525,0.167,0.0,7.429,6.235,0.0,1.004,7.821,2026-01-24 04:28:49.191,19.3558,13942.16,98.0,0.0,100.0,488.0,488.0,488.0
65,132.0,0.01,1.39,0.515,3.929,0.103,3.927,0.082,0.0,0.104,3.724,0.084,0.0,1.002,0.256,0.336,1.501,0.125,0.002,1.731,10.547,1.712,0.126,1.0,0.186,0.001,0.302,0.124,3.523,0.166,0.0,7.425,6.238,0.0,1.009,7.722,2026-01-24 04:29:40.770,20.2726,13992.78,98.0,0.0,100.0,490.0,490.0,490.0
66,134.0,0.01,1.399,0.513,3.925,0.084,3.924,0.083,0.0,0.104,3.724,0.084,0.001,1.002,0.265,0.33,1.501,0.124,0.001,1.738,10.55,1.713,0.124,1.001,0.189,0.002,0.301,0.124,3.521,0.166,0.0,7.44,6.239,0.0,1.009,7.82,2026-01-24 04:30:21.261,29.8201,14044.47,98.0,0.0,100.0,492.0,492.0,492.0
67,136.0,0.011,0.717,0.514,4.023,0.083,3.928,0.083,0.0,0.107,3.725,0.083,0.0,1.001,0.265,0.333,1.501,0.126,0.002,1.733,10.552,1.713,0.124,1.0,0.189,0.0,0.302,0.125,3.529,0.168,0.0,7.418,6.237,0.0,1.005,7.822,2026-01-24 04:31:11.903,21.7102,14084.95,98.0,0.0,100.0,494.0,494.0,494.0
68,138.0,0.01,1.378,0.513,3.93,0.083,3.925,0.084,0.0,0.103,3.726,0.084,0.0,1.002,0.257,0.332,1.502,0.124,0.001,1.735,10.548,1.71,0.125,1.001,0.186,0.001,0.3,0.126,3.525,0.168,0.0,7.412,6.243,0.001,1.009,7.814,2026-01-24 04:32:04.479,19.0757,14135.58,98.0,0.0,100.0,496.0,496.0,496.0
69,140.0,0.011,1.399,0.517,3.926,0.084,3.929,0.084,0.0,0.102,3.722,0.084,0.0,1.001,0.264,0.332,1.501,0.126,0.001,1.738,10.558,1.712,0.125,1.001,0.187,0.001,0.301,0.125,3.523,0.168,0.0,7.43,6.235,0.0,1.009,7.812,2026-01-24 04:32:43.056,32.8336,14188.16,98.0,0.0,100.0,498.0,498.0,498.0
70,142.0,0.011,1.394,0.513,3.936,0.084,3.931,0.084,0.0,0.105,3.723,0.083,0.0,1.002,0.266,0.334,1.501,0.105,0.001,1.735,10.565,1.709,0.125,1.002,0.187,0.001,0.301,0.126,3.526,0.166,0.0,7.424,6.241,0.0,1.004,7.821,2026-01-24 04:33:35.446,19.3523,14226.73,98.0,0.0,100.0,500.0,500.0,500.0
71,144.0,0.01,0.714,0.513,3.926,0.102,3.93,0.082,0.0,0.105,3.714,0.083,0.0,1.002,0.262,0.332,1.501,0.126,0.002,1.735,10.562,1.711,0.126,1.001,0.188,0.001,0.302,0.124,3.524,0.167,0.325,7.416,6.238,0.0,1.008,7.822,2026-01-24 04:34:37.026,13.6538,14279.44,98.0,0.0,100.0,502.0,502.0,502.0
72,146.0,0.011,0.713,0.518,3.924,0.083,3.926,0.086,0.0,0.103,3.723,0.084,0.0,1.002,0.263,0.333,1.502,0.125,0.002,1.742,10.55,1.713,0.126,1.001,0.19,0.001,0.303,0.124,3.525,0.165,0.001,7.434,6.23,0.0,1.009,7.819,2026-01-24 04:36:02.310,14.277,14340.71,98.0,0.0,100.0,504.0,504.0,504.0
73,148.0,0.01,1.39,0.514,3.922,0.084,3.924,0.083,0.0,0.105,3.716,0.084,0.001,1.002,0.264,0.335,1.502,0.126,0.001,1.733,10.554,1.714,0.124,1.001,0.189,0.001,0.302,0.124,3.518,0.186,0.0,7.414,6.245,0.0,1.006,7.821,2026-01-24 04:36:55.317,66.5131,14426.0,147.0,0.0,100.0,506.0,506.0,506.0
74,150.0,0.01,1.395,0.514,3.832,0.104,3.931,0.084,0.0,0.103,3.723,0.082,0.0,1.001,0.261,0.334,1.502,0.125,0.001,1.733,10.552,1.711,0.124,1.002,0.187,0.001,0.302,0.125,3.523,0.167,0.0,7.426,6.237,0.0,1.006,7.821,2026-01-24 04:38:00.735,34.2344,14478.99,148.0,0.0,100.0,508.0,508.0,508.0
75,152.0,0.01,0.727,0.512,3.829,0.104,3.931,0.085,0.0,0.104,3.718,0.083,0.0,1.002,0.256,0.333,1.5,0.125,0.001,1.737,10.554,1.71,0.124,1.001,0.186,0.001,0.302,0.126,3.524,0.168,0.0,7.42,6.242,0.0,1.008,7.824,2026-01-24 04:38:53.561,43.6563,14544.42,149.0,0.0,100.0,510.0,510.0,510.0
76,154.0,0.011,1.405,0.513,3.929,0.085,3.932,0.083,0.0,0.102,3.723,0.083,0.0,1.001,0.265,0.332,1.501,0.125,0.001,1.734,10.548,1.714,0.126,1.001,0.186,0.001,0.301,0.122,3.522,0.184,5.362,7.426,6.237,0.0,1.005,7.82,2026-01-24 04:39:58.969,13.4592,14602.61,148.0,0.0,100.0,512.0,512.0,512.0
