timestamp,original,diff1,diff2
2026-02-03 18:43:26.657000+00:00,1.0,,
2026-02-03 18:43:37.681000+00:00,2.0,1.0,
2026-02-03 18:43:46.699000+00:00,3.0,1.0,0.0
2026-02-03 18:43:55.215000+00:00,4.0,1.0,0.0
2026-02-03 18:44:03.731000+00:00,5.0,1.0,0.0
2026-02-03 18:44:16.254000+00:00,6.0,1.0,0.0
2026-02-03 18:44:30.782000+00:00,7.0,1.0,0.0
2026-02-03 18:44:40.300000+00:00,8.0,1.0,0.0
2026-02-03 18:44:53.826000+00:00,9.0,1.0,0.0
2026-02-03 18:45:03.344000+00:00,10.0,1.0,0.0
2026-02-03 18:45:11.859000+00:00,11.0,1.0,0.0
2026-02-03 18:45:19.374000+00:00,12.0,1.0,0.0
2026-02-03 18:45:29.394000+00:00,13.0,1.0,0.0
2026-02-03 18:45:37.909000+00:00,14.0,1.0,0.0
2026-02-03 18:45:48.928000+00:00,15.0,1.0,0.0
2026-02-03 18:45:59.447000+00:00,16.0,1.0,0.0
2026-02-03 18:46:08.465000+00:00,17.0,1.0,0.0
2026-02-03 18:46:22.490000+00:00,18.0,1.0,0.0
2026-02-03 18:46:32.006000+00:00,19.0,1.0,0.0
2026-02-03 18:46:42.527000+00:00,20.0,1.0,0.0
2026-02-03 18:46:52.548000+00:00,21.0,1.0,0.0
2026-02-03 18:47:04.066000+00:00,22.0,1.0,0.0
2026-02-03 18:47:16.588000+00:00,23.0,1.0,0.0
2026-02-03 18:47:26.105000+00:00,24.0,1.0,0.0
2026-02-03 18:47:38.126000+00:00,25.0,1.0,0.0
2026-02-03 18:47:49.647000+00:00,26.0,1.0,0.0
2026-02-03 18:47:58.162000+00:00,27.0,1.0,0.0
2026-02-03 18:48:10.184000+00:00,28.0,1.0,0.0
2026-02-03 18:48:22.205000+00:00,29.0,1.0,0.0
2026-02-03 18:48:32.224000+00:00,30.0,1.0,0.0
2026-02-03 18:48:44.251000+00:00,31.0,1.0,0.0
2026-02-03 18:48:53.767000+00:00,32.0,1.0,0.0
2026-02-03 18:49:03.784000+00:00,33.0,1.0,0.0
2026-02-03 18:49:15.804000+00:00,34.0,1.0,0.0
2026-02-03 18:49:26.825000+00:00,35.0,1.0,0.0
2026-02-03 18:49:37.344000+00:00,36.0,1.0,0.0
2026-02-03 18:49:48.865000+00:00,37.0,1.0,0.0
2026-02-03 18:49:58.881000+00:00,38.0,1.0,0.0
2026-02-03 18:50:10.404000+00:00,39.0,1.0,0.0
2026-02-03 18:50:21.426000+00:00,40.0,1.0,0.0
2026-02-03 18:50:32.946000+00:00,41.0,1.0,0.0
2026-02-03 18:50:42.966000+00:00,42.0,1.0,0.0
2026-02-03 18:50:54.988000+00:00,43.0,1.0,0.0
2026-02-03 18:51:05.005000+00:00,44.0,1.0,0.0
2026-02-03 18:51:16.022000+00:00,45.0,1.0,0.0
2026-02-03 18:51:29.047000+00:00,46.0,1.0,0.0
2026-02-03 18:51:38.564000+00:00,47.0,1.0,0.0
2026-02-03 18:51:49.581000+00:00,48.0,1.0,0.0
2026-02-03 18:52:00.102000+00:00,49.0,1.0,0.0
2026-02-03 18:52:11.124000+00:00,50.0,1.0,0.0
2026-02-03 18:52:21.644000+00:00,51.0,1.0,0.0
2026-02-03 18:52:33.164000+00:00,52.0,1.0,0.0
2026-02-03 18:52:44.687000+00:00,53.0,1.0,0.0
2026-02-03 18:52:56.208000+00:00,54.0,1.0,0.0
2026-02-03 18:53:06.726000+00:00,55.0,1.0,0.0
2026-02-03 18:53:18.248000+00:00,56.0,1.0,0.0
2026-02-03 18:53:28.766000+00:00,57.0,1.0,0.0
2026-02-03 18:53:39.285000+00:00,58.0,1.0,0.0
2026-02-03 18:53:50.305000+00:00,59.0,1.0,0.0
2026-02-03 18:53:59.321000+00:00,60.0,1.0,0.0
2026-02-03 18:54:12.346000+00:00,61.0,1.0,0.0
2026-02-03 18:54:25.370000+00:00,62.0,1.0,0.0
2026-02-03 18:54:34.382000+00:00,63.0,1.0,0.0
2026-02-03 18:54:45.902000+00:00,64.0,1.0,0.0
2026-02-03 18:54:56.923000+00:00,65.0,1.0,0.0
2026-02-03 18:55:07.444000+00:00,66.0,1.0,0.0
2026-02-03 18:55:18.961000+00:00,67.0,1.0,0.0
2026-02-03 18:55:30.483000+00:00,68.0,1.0,0.0
2026-02-03 18:55:42.001000+00:00,69.0,1.0,0.0
2026-02-03 18:55:52.517000+00:00,70.0,1.0,0.0
2026-02-03 18:56:01.535000+00:00,71.0,1.0,0.0
2026-02-03 18:56:13.557000+00:00,72.0,1.0,0.0
2026-02-03 18:56:25.078000+00:00,73.0,1.0,0.0
2026-02-03 18:56:36.599000+00:00,74.0,1.0,0.0
2026-02-03 18:56:46.619000+00:00,75.0,1.0,0.0
2026-02-03 18:56:59.141000+00:00,76.0,1.0,0.0
2026-02-03 18:57:09.158000+00:00,77.0,1.0,0.0
2026-02-03 18:57:20.179000+00:00,78.0,1.0,0.0
2026-02-03 18:57:30.199000+00:00,79.0,1.0,0.0
2026-02-03 18:57:42.721000+00:00,80.0,1.0,0.0
2026-02-03 18:57:52.739000+00:00,81.0,1.0,0.0
2026-02-03 18:58:03.759000+00:00,82.0,1.0,0.0
2026-02-03 18:58:17.785000+00:00,83.0,1.0,0.0
2026-02-03 18:58:26.300000+00:00,84.0,1.0,0.0
2026-02-03 18:58:42.831000+00:00,85.0,1.0,0.0
2026-02-03 18:58:50.345000+00:00,86.0,1.0,0.0
2026-02-03 18:59:00.865000+00:00,87.0,1.0,0.0
2026-02-03 18:59:10.383000+00:00,88.0,1.0,0.0
2026-02-03 18:59:20.900000+00:00,89.0,1.0,0.0
2026-02-03 18:59:31.921000+00:00,90.0,1.0,0.0
2026-02-03 18:59:42.441000+00:00,91.0,1.0,0.0
2026-02-03 18:59:53.965000+00:00,92.0,1.0,0.0
2026-02-03 19:00:05.987000+00:00,93.0,1.0,0.0
2026-02-03 19:00:19.510000+00:00,94.0,1.0,0.0
2026-02-03 19:00:33.537000+00:00,95.0,1.0,0.0
2026-02-03 19:00:40.054000+00:00,96.0,1.0,0.0
2026-02-03 19:00:50.572000+00:00,97.0,1.0,0.0
2026-02-03 19:01:01.088000+00:00,98.0,1.0,0.0
2026-02-03 19:01:09.103000+00:00,99.0,1.0,0.0
2026-02-03 19:01:22.626000+00:00,100.0,1.0,0.0
2026-02-03 19:01:31.641000+00:00,101.0,1.0,0.0
2026-02-03 19:01:45.167000+00:00,102.0,1.0,0.0
2026-02-03 19:01:55.185000+00:00,103.0,1.0,0.0
2026-02-03 19:02:07.707000+00:00,104.0,1.0,0.0
2026-02-03 19:02:17.224000+00:00,105.0,1.0,0.0
2026-02-03 19:02:28.745000+00:00,106.0,1.0,0.0
2026-02-03 19:02:38.261000+00:00,107.0,1.0,0.0
2026-02-03 19:02:50.786000+00:00,108.0,1.0,0.0
2026-02-03 19:03:01.307000+00:00,109.0,1.0,0.0
2026-02-03 19:03:13.830000+00:00,110.0,1.0,0.0
2026-02-03 19:03:23.350000+00:00,111.0,1.0,0.0
2026-02-03 19:03:35.370000+00:00,112.0,1.0,0.0
2026-02-03 19:03:45.388000+00:00,113.0,1.0,0.0
2026-02-03 19:03:57.410000+00:00,114.0,1.0,0.0
2026-02-03 19:04:07.932000+00:00,115.0,1.0,0.0
2026-02-03 19:04:18.954000+00:00,116.0,1.0,0.0
2026-02-03 19:04:28.475000+00:00,117.0,1.0,0.0
2026-02-03 19:04:41.500000+00:00,118.0,1.0,0.0
2026-02-03 19:04:51.519000+00:00,119.0,1.0,0.0
2026-02-03 19:05:03.542000+00:00,120.0,1.0,0.0
2026-02-03 19:05:12.559000+00:00,121.0,1.0,0.0
2026-02-03 19:05:25.581000+00:00,122.0,1.0,0.0
2026-02-03 19:05:34.095000+00:00,123.0,1.0,0.0
2026-02-03 19:05:46.618000+00:00,124.0,1.0,0.0
2026-02-03 19:05:59.643000+00:00,125.0,1.0,0.0
2026-02-03 19:06:11.164000+00:00,126.0,1.0,0.0
2026-02-03 19:06:20.181000+00:00,127.0,1.0,0.0
2026-02-03 19:06:30.701000+00:00,128.0,1.0,0.0
2026-02-03 19:06:41.721000+00:00,129.0,1.0,0.0
2026-02-03 19:06:52.742000+00:00,130.0,1.0,0.0
2026-02-03 19:07:03.759000+00:00,131.0,1.0,0.0
2026-02-03 19:07:14.780000+00:00,132.0,1.0,0.0
2026-02-03 19:07:24.297000+00:00,133.0,1.0,0.0
2026-02-03 19:07:37.320000+00:00,134.0,1.0,0.0
2026-02-03 19:07:49.843000+00:00,135.0,1.0,0.0
2026-02-03 19:07:59.862000+00:00,136.0,1.0,0.0
2026-02-03 19:08:09.379000+00:00,137.0,1.0,0.0
2026-02-03 19:08:20.401000+00:00,138.0,1.0,0.0
2026-02-03 19:08:32.426000+00:00,139.0,1.0,0.0
2026-02-03 19:08:42.949000+00:00,140.0,1.0,0.0
2026-02-03 19:08:53.467000+00:00,141.0,1.0,0.0
2026-02-03 19:09:05.487000+00:00,142.0,1.0,0.0
2026-02-03 19:09:15.507000+00:00,143.0,1.0,0.0
2026-02-03 19:09:27.529000+00:00,144.0,1.0,0.0
2026-02-03 19:09:36.545000+00:00,145.0,1.0,0.0
2026-02-03 19:09:48.567000+00:00,146.0,1.0,0.0
2026-02-03 19:09:57.583000+00:00,147.0,1.0,0.0
2026-02-03 19:10:11.107000+00:00,148.0,1.0,0.0
2026-02-03 19:10:19.123000+00:00,149.0,1.0,0.0
2026-02-03 19:10:34.147000+00:00,150.0,1.0,0.0
2026-02-03 19:10:42.161000+00:00,151.0,1.0,0.0
2026-02-03 19:10:54.182000+00:00,152.0,1.0,0.0
2026-02-03 19:11:03.700000+00:00,153.0,1.0,0.0
2026-02-03 19:11:15.724000+00:00,154.0,1.0,0.0
2026-02-03 19:11:26.244000+00:00,155.0,1.0,0.0
2026-02-03 19:11:37.263000+00:00,156.0,1.0,0.0
2026-02-03 19:11:49.786000+00:00,157.0,1.0,0.0
2026-02-03 19:11:59.805000+00:00,158.0,1.0,0.0
2026-02-03 19:12:09.823000+00:00,159.0,1.0,0.0
2026-02-03 19:12:22.346000+00:00,160.0,1.0,0.0
2026-02-03 19:12:32.363000+00:00,161.0,1.0,0.0
2026-02-03 19:12:42.883000+00:00,162.0,1.0,0.0
2026-02-03 19:12:53.902000+00:00,163.0,1.0,0.0
2026-02-03 19:13:06.429000+00:00,164.0,1.0,0.0
2026-02-03 19:13:15.945000+00:00,165.0,1.0,0.0
2026-02-03 19:13:28.469000+00:00,166.0,1.0,0.0
2026-02-03 19:13:38.489000+00:00,167.0,1.0,0.0
2026-02-03 19:13:51.012000+00:00,168.0,1.0,0.0
2026-02-03 19:14:00.530000+00:00,169.0,1.0,0.0
2026-02-03 19:14:12.553000+00:00,170.0,1.0,0.0
2026-02-03 19:14:22.070000+00:00,171.0,1.0,0.0
2026-02-03 19:14:34.592000+00:00,172.0,1.0,0.0
2026-02-03 19:14:44.610000+00:00,173.0,1.0,0.0
2026-02-03 19:14:58.637000+00:00,174.0,1.0,0.0
2026-02-03 19:15:07.152000+00:00,175.0,1.0,0.0
2026-02-03 19:15:18.172000+00:00,176.0,1.0,0.0
2026-02-03 19:15:28.187000+00:00,177.0,1.0,0.0
2026-02-03 19:15:41.711000+00:00,178.0,1.0,0.0
2026-02-03 19:15:50.727000+00:00,179.0,1.0,0.0
2026-02-03 19:16:04.753000+00:00,180.0,1.0,0.0
2026-02-03 19:16:14.271000+00:00,181.0,1.0,0.0
2026-02-03 19:16:26.795000+00:00,182.0,1.0,0.0
2026-02-03 19:16:36.312000+00:00,183.0,1.0,0.0
2026-02-03 19:16:46.833000+00:00,184.0,1.0,0.0
2026-02-03 19:16:57.853000+00:00,185.0,1.0,0.0
2026-02-03 19:17:08.371000+00:00,186.0,1.0,0.0
2026-02-03 19:17:18.895000+00:00,187.0,1.0,0.0
2026-02-03 19:17:30.417000+00:00,188.0,1.0,0.0
2026-02-03 19:17:40.436000+00:00,189.0,1.0,0.0
2026-02-03 19:17:53.959000+00:00,190.0,1.0,0.0
2026-02-03 19:18:07.483000+00:00,191.0,1.0,0.0
2026-02-03 19:18:14.497000+00:00,192.0,1.0,0.0
2026-02-03 19:18:26.017000+00:00,193.0,1.0,0.0
2026-02-03 19:18:36.538000+00:00,194.0,1.0,0.0
2026-02-03 19:18:49.059000+00:00,195.0,1.0,0.0
2026-02-03 19:18:59.580000+00:00,196.0,1.0,0.0
2026-02-03 19:19:07.597000+00:00,197.0,1.0,0.0
2026-02-03 19:19:21.116000+00:00,198.0,1.0,0.0
2026-02-03 19:19:30.133000+00:00,199.0,1.0,0.0
2026-02-03 19:19:43.157000+00:00,200.0,1.0,0.0
2026-02-03 19:19:51.673000+00:00,201.0,1.0,0.0
2026-02-03 19:20:04.194000+00:00,202.0,1.0,0.0
2026-02-03 19:20:13.218000+00:00,203.0,1.0,0.0
2026-02-03 19:20:27.242000+00:00,204.0,1.0,0.0
2026-02-03 19:20:36.760000+00:00,205.0,1.0,0.0
2026-02-03 19:20:49.783000+00:00,206.0,1.0,0.0
2026-02-03 19:20:58.299000+00:00,207.0,1.0,0.0
2026-02-03 19:21:11.823000+00:00,208.0,1.0,0.0
2026-02-03 19:21:20.337000+00:00,209.0,1.0,0.0
2026-02-03 19:21:32.360000+00:00,210.0,1.0,0.0
2026-02-03 19:21:42.379000+00:00,211.0,1.0,0.0
2026-02-03 19:21:53.901000+00:00,212.0,1.0,0.0
2026-02-03 19:22:03.920000+00:00,213.0,1.0,0.0
2026-02-03 19:22:16.443000+00:00,214.0,1.0,0.0
2026-02-03 19:22:26.461000+00:00,215.0,1.0,0.0
2026-02-03 19:22:39.484000+00:00,216.0,1.0,0.0
2026-02-03 19:22:50.503000+00:00,217.0,1.0,0.0
2026-02-03 19:23:00.520000+00:00,218.0,1.0,0.0
2026-02-03 19:23:11.041000+00:00,219.0,1.0,0.0
2026-02-03 19:23:22.060000+00:00,220.0,1.0,0.0
2026-02-03 19:23:33.583000+00:00,221.0,1.0,0.0
2026-02-03 19:23:43.601000+00:00,222.0,1.0,0.0
2026-02-03 19:23:54.622000+00:00,223.0,1.0,0.0
2026-02-03 19:24:06.144000+00:00,224.0,1.0,0.0
2026-02-03 19:24:16.163000+00:00,225.0,1.0,0.0
2026-02-03 19:24:29.188000+00:00,226.0,1.0,0.0
2026-02-03 19:24:39.207000+00:00,227.0,1.0,0.0
2026-02-03 19:24:51.229000+00:00,228.0,1.0,0.0
2026-02-03 19:25:01.749000+00:00,229.0,1.0,0.0
2026-02-03 19:25:12.773000+00:00,230.0,1.0,0.0
2026-02-03 19:25:23.293000+00:00,231.0,1.0,0.0
2026-02-03 19:25:34.814000+00:00,232.0,1.0,0.0
2026-02-03 19:25:45.836000+00:00,233.0,1.0,0.0
2026-02-03 19:25:56.356000+00:00,234.0,1.0,0.0
2026-02-03 19:26:06.374000+00:00,235.0,1.0,0.0
2026-02-03 19:26:18.396000+00:00,236.0,1.0,0.0
2026-02-03 19:26:41.438000+00:00,237.0,1.0,0.0
2026-02-03 19:26:44.945000+00:00,238.0,1.0,0.0
2026-02-03 19:26:53.459000+00:00,239.0,1.0,0.0
2026-02-03 19:27:02.480000+00:00,240.0,1.0,0.0
2026-02-03 19:27:12.495000+00:00,241.0,1.0,0.0
2026-02-03 19:27:20.510000+00:00,242.0,1.0,0.0
2026-02-03 19:27:25.019000+00:00,243.0,1.0,0.0
2026-02-03 19:27:35.537000+00:00,244.0,1.0,0.0
2026-02-03 19:27:48.059000+00:00,245.0,1.0,0.0
2026-02-03 19:27:57.076000+00:00,246.0,1.0,0.0
2026-02-03 19:28:08.095000+00:00,247.0,1.0,0.0
2026-02-03 19:28:13.104000+00:00,248.0,1.0,0.0
2026-02-03 19:28:24.627000+00:00,249.0,1.0,0.0
2026-02-03 19:28:30.638000+00:00,250.0,1.0,0.0
2026-02-03 19:28:42.160000+00:00,251.0,1.0,0.0
2026-02-03 19:28:58.690000+00:00,252.0,1.0,0.0
2026-02-03 19:29:05.704000+00:00,253.0,1.0,0.0
2026-02-03 19:29:15.722000+00:00,254.0,1.0,0.0
2026-02-03 19:29:26.241000+00:00,255.0,1.0,0.0
2026-02-03 19:29:37.262000+00:00,256.0,1.0,0.0
2026-02-03 19:29:46.278000+00:00,257.0,1.0,0.0
2026-02-03 19:29:58.803000+00:00,258.0,1.0,0.0
2026-02-03 19:30:09.324000+00:00,259.0,1.0,0.0
2026-02-03 19:30:20.342000+00:00,260.0,1.0,0.0
2026-02-03 19:30:31.863000+00:00,261.0,1.0,0.0
2026-02-03 19:30:43.385000+00:00,262.0,1.0,0.0
2026-02-03 19:30:52.902000+00:00,263.0,1.0,0.0
2026-02-03 19:31:04.924000+00:00,264.0,1.0,0.0
2026-02-03 19:31:15.448000+00:00,265.0,1.0,0.0
2026-02-03 19:31:26.969000+00:00,266.0,1.0,0.0
2026-02-03 19:31:36.989000+00:00,267.0,1.0,0.0
2026-02-03 19:31:51.013000+00:00,268.0,1.0,0.0
2026-02-03 19:31:59.027000+00:00,269.0,1.0,0.0
2026-02-03 19:32:10.550000+00:00,270.0,1.0,0.0
2026-02-03 19:32:21.571000+00:00,271.0,1.0,0.0
2026-02-03 19:32:33.591000+00:00,272.0,1.0,0.0
2026-02-03 19:32:44.112000+00:00,273.0,1.0,0.0
2026-02-03 19:32:55.134000+00:00,274.0,1.0,0.0
2026-02-03 19:33:06.657000+00:00,275.0,1.0,0.0
2026-02-03 19:33:17.676000+00:00,276.0,1.0,0.0
2026-02-03 19:33:28.696000+00:00,277.0,1.0,0.0
2026-02-03 19:33:39.214000+00:00,278.0,1.0,0.0
2026-02-03 19:33:49.734000+00:00,279.0,1.0,0.0
2026-02-03 19:34:00.756000+00:00,280.0,1.0,0.0
2026-02-03 19:34:13.279000+00:00,281.0,1.0,0.0
2026-02-03 19:34:23.800000+00:00,282.0,1.0,0.0
2026-02-03 19:34:34.820000+00:00,283.0,1.0,0.0
2026-02-03 19:34:45.841000+00:00,284.0,1.0,0.0
2026-02-03 19:34:57.363000+00:00,285.0,1.0,0.0
2026-02-03 19:35:08.882000+00:00,286.0,1.0,0.0
2026-02-03 19:35:20.404000+00:00,287.0,1.0,0.0
2026-02-03 19:35:30.423000+00:00,288.0,1.0,0.0
2026-02-03 19:35:42.442000+00:00,289.0,1.0,0.0
2026-02-03 19:35:51.959000+00:00,290.0,1.0,0.0
2026-02-03 19:36:02.980000+00:00,291.0,1.0,0.0
2026-02-03 19:36:14.002000+00:00,292.0,1.0,0.0
2026-02-03 19:36:26.524000+00:00,293.0,1.0,0.0
2026-02-03 19:36:37.043000+00:00,294.0,1.0,0.0
2026-02-03 19:36:48.566000+00:00,295.0,1.0,0.0
2026-02-03 19:37:01.087000+00:00,296.0,1.0,0.0
2026-02-03 19:37:13.611000+00:00,297.0,1.0,0.0
2026-02-03 19:37:21.625000+00:00,298.0,1.0,0.0
2026-02-03 19:37:32.146000+00:00,299.0,1.0,0.0
2026-02-03 19:37:45.170000+00:00,300.0,1.0,0.0
2026-02-03 19:37:53.184000+00:00,301.0,1.0,0.0
2026-02-03 19:38:04.705000+00:00,302.0,1.0,0.0
2026-02-03 19:38:16.226000+00:00,303.0,1.0,0.0
2026-02-03 19:38:27.746000+00:00,304.0,1.0,0.0
2026-02-03 19:38:38.766000+00:00,305.0,1.0,0.0
2026-02-03 19:38:48.785000+00:00,306.0,1.0,0.0
2026-02-03 19:38:59.805000+00:00,307.0,1.0,0.0
2026-02-03 19:39:15.331000+00:00,308.0,1.0,0.0
2026-02-03 19:39:23.350000+00:00,309.0,1.0,0.0
2026-02-03 19:39:34.371000+00:00,310.0,1.0,0.0
2026-02-03 19:39:43.389000+00:00,311.0,1.0,0.0
2026-02-03 19:39:55.407000+00:00,312.0,1.0,0.0
2026-02-03 19:40:05.926000+00:00,313.0,1.0,0.0
2026-02-03 19:40:18.451000+00:00,314.0,1.0,0.0
2026-02-03 19:40:26.966000+00:00,315.0,1.0,0.0
2026-02-03 19:40:38.988000+00:00,316.0,1.0,0.0
2026-02-03 19:40:49.006000+00:00,317.0,1.0,0.0
2026-02-03 19:41:00.026000+00:00,318.0,1.0,0.0
2026-02-03 19:41:14.552000+00:00,319.0,1.0,0.0
2026-02-03 19:41:22.064000+00:00,320.0,1.0,0.0
2026-02-03 19:41:33.093000+00:00,321.0,1.0,0.0
2026-02-03 19:41:44.610000+00:00,322.0,1.0,0.0
2026-02-03 19:41:55.130000+00:00,323.0,1.0,0.0
2026-02-03 19:42:07.153000+00:00,324.0,1.0,0.0
2026-02-03 19:42:17.673000+00:00,325.0,1.0,0.0
2026-02-03 19:42:29.193000+00:00,326.0,1.0,0.0
2026-02-03 19:42:40.717000+00:00,327.0,1.0,0.0
2026-02-03 19:42:53.738000+00:00,328.0,1.0,0.0
2026-02-03 19:43:02.255000+00:00,329.0,1.0,0.0
2026-02-03 19:43:13.274000+00:00,330.0,1.0,0.0
2026-02-03 19:43:23.292000+00:00,331.0,1.0,0.0
2026-02-03 19:43:35.813000+00:00,332.0,1.0,0.0
2026-02-03 19:43:45.830000+00:00,333.0,1.0,0.0
2026-02-03 19:43:56.351000+00:00,334.0,1.0,0.0
2026-02-03 19:44:06.870000+00:00,335.0,1.0,0.0
2026-02-03 19:44:19.395000+00:00,336.0,1.0,0.0
2026-02-03 19:44:30.916000+00:00,337.0,1.0,0.0
2026-02-03 19:44:42.436000+00:00,338.0,1.0,0.0
2026-02-03 19:44:54.457000+00:00,339.0,1.0,0.0
2026-02-03 19:45:03.474000+00:00,340.0,1.0,0.0
2026-02-03 19:45:14.494000+00:00,341.0,1.0,0.0
2026-02-03 19:45:25.016000+00:00,342.0,1.0,0.0
2026-02-03 19:45:37.541000+00:00,343.0,1.0,0.0
2026-02-03 19:45:47.057000+00:00,344.0,1.0,0.0
2026-02-03 19:45:59.579000+00:00,345.0,1.0,0.0
2026-02-03 19:46:10.099000+00:00,346.0,1.0,0.0
2026-02-03 19:46:20.117000+00:00,347.0,1.0,0.0
2026-02-03 19:46:31.636000+00:00,348.0,1.0,0.0
2026-02-03 19:46:42.656000+00:00,349.0,1.0,0.0
2026-02-03 19:46:54.680000+00:00,350.0,1.0,0.0
2026-02-03 19:47:05.701000+00:00,351.0,1.0,0.0
2026-02-03 19:47:16.718000+00:00,352.0,1.0,0.0
2026-02-03 19:47:28.238000+00:00,353.0,1.0,0.0
2026-02-03 19:47:39.259000+00:00,354.0,1.0,0.0
2026-02-03 19:47:50.278000+00:00,355.0,1.0,0.0
2026-02-03 19:48:00.296000+00:00,356.0,1.0,0.0
2026-02-03 19:48:11.316000+00:00,357.0,1.0,0.0
2026-02-03 19:48:23.335000+00:00,358.0,1.0,0.0
2026-02-03 19:48:33.353000+00:00,359.0,1.0,0.0
2026-02-03 19:48:44.875000+00:00,360.0,1.0,0.0
2026-02-03 19:48:54.895000+00:00,361.0,1.0,0.0
2026-02-03 19:49:06.417000+00:00,362.0,1.0,0.0
2026-02-03 19:49:17.938000+00:00,363.0,1.0,0.0
2026-02-03 19:49:29.459000+00:00,364.0,1.0,0.0
2026-02-03 19:49:41.981000+00:00,365.0,1.0,0.0
2026-02-03 19:49:50.496000+00:00,366.0,1.0,0.0
2026-02-03 19:50:01.518000+00:00,367.0,1.0,0.0
2026-02-03 19:50:11.537000+00:00,368.0,1.0,0.0
2026-02-03 19:50:23.559000+00:00,369.0,1.0,0.0
2026-02-03 19:50:35.078000+00:00,370.0,1.0,0.0
2026-02-03 19:50:44.091000+00:00,371.0,1.0,0.0
2026-02-03 19:50:56.616000+00:00,372.0,1.0,0.0
2026-02-03 19:51:07.133000+00:00,373.0,1.0,0.0
2026-02-03 19:51:20.151000+00:00,374.0,1.0,0.0
2026-02-03 19:51:28.163000+00:00,375.0,1.0,0.0
2026-02-03 19:51:41.188000+00:00,376.0,1.0,0.0
2026-02-03 19:51:50.705000+00:00,377.0,1.0,0.0
2026-02-03 19:52:03.229000+00:00,378.0,1.0,0.0
2026-02-03 19:52:13.747000+00:00,379.0,1.0,0.0
2026-02-03 19:52:25.269000+00:00,380.0,1.0,0.0
2026-02-03 19:52:33.784000+00:00,381.0,1.0,0.0
2026-02-03 19:52:46.808000+00:00,382.0,1.0,0.0
2026-02-03 19:52:57.327000+00:00,383.0,1.0,0.0
2026-02-03 19:53:10.350000+00:00,384.0,1.0,0.0
2026-02-03 19:53:20.369000+00:00,385.0,1.0,0.0
2026-02-03 19:53:32.893000+00:00,386.0,1.0,0.0
2026-02-03 19:53:40.407000+00:00,387.0,1.0,0.0
2026-02-03 19:53:52.426000+00:00,388.0,1.0,0.0
2026-02-03 19:54:03.447000+00:00,389.0,1.0,0.0
2026-02-03 19:54:14.465000+00:00,390.0,1.0,0.0
2026-02-03 19:54:24.483000+00:00,391.0,1.0,0.0
2026-02-03 19:54:36.005000+00:00,392.0,1.0,0.0
2026-02-03 19:54:47.026000+00:00,393.0,1.0,0.0
2026-02-03 19:54:58.547000+00:00,394.0,1.0,0.0
2026-02-03 19:55:09.568000+00:00,395.0,1.0,0.0
2026-02-03 19:55:21.091000+00:00,396.0,1.0,0.0
2026-02-03 19:55:30.609000+00:00,397.0,1.0,0.0
2026-02-03 19:55:42.633000+00:00,398.0,1.0,0.0
2026-02-03 19:55:52.150000+00:00,399.0,1.0,0.0
2026-02-03 19:56:05.675000+00:00,400.0,1.0,0.0
2026-02-03 19:56:14.188000+00:00,401.0,1.0,0.0
2026-02-03 19:56:26.711000+00:00,402.0,1.0,0.0
2026-02-03 19:56:37.232000+00:00,403.0,1.0,0.0
2026-02-03 19:56:47.750000+00:00,404.0,1.0,0.0
2026-02-03 19:56:59.772000+00:00,405.0,1.0,0.0
2026-02-03 19:57:10.790000+00:00,406.0,1.0,0.0
2026-02-03 19:57:21.309000+00:00,407.0,1.0,0.0
2026-02-03 19:57:32.829000+00:00,408.0,1.0,0.0
2026-02-03 19:57:45.354000+00:00,409.0,1.0,0.0
2026-02-03 19:57:54.871000+00:00,410.0,1.0,0.0
2026-02-03 19:58:07.395000+00:00,411.0,1.0,0.0
2026-02-03 19:58:17.412000+00:00,412.0,1.0,0.0
2026-02-03 19:58:27.927000+00:00,413.0,1.0,0.0
2026-02-03 19:58:39.448000+00:00,414.0,1.0,0.0
2026-02-03 19:58:49.467000+00:00,415.0,1.0,0.0
2026-02-03 19:59:01.488000+00:00,416.0,1.0,0.0
2026-02-03 19:59:12.508000+00:00,417.0,1.0,0.0
2026-02-03 19:59:24.028000+00:00,418.0,1.0,0.0
2026-02-03 19:59:33.546000+00:00,419.0,1.0,0.0
2026-02-03 19:59:45.586000+00:00,420.0,1.0,0.0
2026-02-03 19:59:58.109000+00:00,421.0,1.0,0.0
2026-02-03 20:00:07.627000+00:00,422.0,1.0,0.0
2026-02-03 20:00:18.144000+00:00,423.0,1.0,0.0
2026-02-03 20:00:30.167000+00:00,424.0,1.0,0.0
2026-02-03 20:00:40.185000+00:00,425.0,1.0,0.0
2026-02-03 20:00:51.200000+00:00,426.0,1.0,0.0
2026-02-03 20:01:02.220000+00:00,427.0,1.0,0.0
2026-02-03 20:01:14.740000+00:00,428.0,1.0,0.0
2026-02-03 20:01:26.262000+00:00,429.0,1.0,0.0
2026-02-03 20:01:36.281000+00:00,430.0,1.0,0.0
2026-02-03 20:01:47.801000+00:00,431.0,1.0,0.0
2026-02-03 20:01:58.320000+00:00,432.0,1.0,0.0
2026-02-03 20:02:08.339000+00:00,433.0,1.0,0.0
2026-02-03 20:02:19.859000+00:00,434.0,1.0,0.0
2026-02-03 20:02:30.378000+00:00,435.0,1.0,0.0
2026-02-03 20:02:42.400000+00:00,436.0,1.0,0.0
2026-02-03 20:02:52.418000+00:00,437.0,1.0,0.0
2026-02-03 20:03:04.440000+00:00,438.0,1.0,0.0
2026-02-03 20:03:13.959000+00:00,439.0,1.0,0.0
2026-02-03 20:03:25.980000+00:00,440.0,1.0,0.0
2026-02-03 20:03:35.497000+00:00,441.0,1.0,0.0
2026-02-03 20:03:47.518000+00:00,442.0,1.0,0.0
2026-02-03 20:03:58.037000+00:00,443.0,1.0,0.0
2026-02-03 20:04:09.557000+00:00,444.0,1.0,0.0
2026-02-03 20:04:21.576000+00:00,445.0,1.0,0.0
2026-02-03 20:04:32.092000+00:00,446.0,1.0,0.0
2026-02-03 20:04:45.117000+00:00,447.0,1.0,0.0
2026-02-03 20:05:09.155000+00:00,448.0,1.0,0.0
2026-02-03 20:05:17.671000+00:00,449.0,1.0,0.0
2026-02-03 20:05:25.184000+00:00,450.0,1.0,0.0
2026-02-03 20:05:34.702000+00:00,451.0,1.0,0.0
2026-02-03 20:05:44.218000+00:00,452.0,1.0,0.0
2026-02-03 20:05:52.733000+00:00,453.0,1.0,0.0
2026-02-03 20:06:02.252000+00:00,454.0,1.0,0.0
2026-02-03 20:06:10.768000+00:00,455.0,1.0,0.0
2026-02-03 20:06:22.287000+00:00,456.0,1.0,0.0
2026-02-03 20:06:34.306000+00:00,457.0,1.0,0.0
2026-02-03 20:06:45.327000+00:00,458.0,1.0,0.0
2026-02-03 20:06:55.846000+00:00,459.0,1.0,0.0
2026-02-03 20:07:07.368000+00:00,460.0,1.0,0.0
2026-02-03 20:07:17.887000+00:00,461.0,1.0,0.0
2026-02-03 20:07:28.907000+00:00,462.0,1.0,0.0
2026-02-03 20:07:40.925000+00:00,463.0,1.0,0.0
2026-02-03 20:07:55.953000+00:00,464.0,1.0,0.0
2026-02-03 20:08:04.971000+00:00,465.0,1.0,0.0
2026-02-03 20:08:16.993000+00:00,466.0,1.0,0.0
2026-02-03 20:08:24.507000+00:00,467.0,1.0,0.0
2026-02-03 20:08:36.527000+00:00,468.0,1.0,0.0
2026-02-03 20:08:47.047000+00:00,469.0,1.0,0.0
2026-02-03 20:08:58.570000+00:00,470.0,1.0,0.0
2026-02-03 20:09:09.086000+00:00,471.0,1.0,0.0
2026-02-03 20:09:19.606000+00:00,472.0,1.0,0.0
2026-02-03 20:09:30.126000+00:00,473.0,1.0,0.0
2026-02-03 20:09:44.153000+00:00,474.0,1.0,0.0
2026-02-03 20:09:53.670000+00:00,475.0,1.0,0.0
2026-02-03 20:10:05.694000+00:00,476.0,1.0,0.0
2026-02-03 20:10:16.210000+00:00,477.0,1.0,0.0
2026-02-03 20:10:27.229000+00:00,478.0,1.0,0.0
2026-02-03 20:10:36.245000+00:00,479.0,1.0,0.0
2026-02-03 20:10:48.267000+00:00,480.0,1.0,0.0
2026-02-03 20:10:57.284000+00:00,481.0,1.0,0.0
2026-02-03 20:11:10.807000+00:00,482.0,1.0,0.0
2026-02-03 20:11:20.825000+00:00,483.0,1.0,0.0
2026-02-03 20:11:32.348000+00:00,484.0,1.0,0.0
2026-02-03 20:11:42.868000+00:00,485.0,1.0,0.0
2026-02-03 20:11:54.890000+00:00,486.0,1.0,0.0
2026-02-03 20:12:04.408000+00:00,487.0,1.0,0.0
2026-02-03 20:12:16.933000+00:00,488.0,1.0,0.0
2026-02-03 20:12:26.449000+00:00,489.0,1.0,0.0
2026-02-03 20:12:39.472000+00:00,490.0,1.0,0.0
2026-02-03 20:12:48.990000+00:00,491.0,1.0,0.0
2026-02-03 20:13:00.510000+00:00,492.0,1.0,0.0
2026-02-03 20:13:10.027000+00:00,493.0,1.0,0.0
2026-02-03 20:13:23.550000+00:00,494.0,1.0,0.0
2026-02-03 20:13:33.069000+00:00,495.0,1.0,0.0
2026-02-03 20:13:45.593000+00:00,496.0,1.0,0.0
2026-02-03 20:13:55.110000+00:00,497.0,1.0,0.0
2026-02-03 20:14:07.633000+00:00,498.0,1.0,0.0
2026-02-03 20:14:16.651000+00:00,499.0,1.0,0.0
2026-02-03 20:14:33.681000+00:00,500.0,1.0,0.0
2026-02-03 20:14:41.195000+00:00,501.0,1.0,0.0
2026-02-03 20:14:51.713000+00:00,502.0,1.0,0.0
2026-02-03 20:15:01.230000+00:00,503.0,1.0,0.0
2026-02-03 20:15:17.257000+00:00,504.0,1.0,0.0
2026-02-03 20:15:26.271000+00:00,505.0,1.0,0.0
2026-02-03 20:15:36.792000+00:00,506.0,1.0,0.0
2026-02-03 20:15:45.307000+00:00,507.0,1.0,0.0
2026-02-03 20:15:57.331000+00:00,508.0,1.0,0.0
2026-02-03 20:16:06.847000+00:00,509.0,1.0,0.0
2026-02-03 20:16:18.870000+00:00,510.0,1.0,0.0
2026-02-03 20:16:28.388000+00:00,511.0,1.0,0.0
2026-02-03 20:16:42.415000+00:00,512.0,1.0,0.0
2026-02-03 20:16:52.435000+00:00,513.0,1.0,0.0
2026-02-03 20:17:03.955000+00:00,514.0,1.0,0.0
2026-02-03 20:17:13.474000+00:00,515.0,1.0,0.0
2026-02-03 20:17:24.997000+00:00,516.0,1.0,0.0
2026-02-03 20:17:35.514000+00:00,517.0,1.0,0.0
2026-02-03 20:17:48.038000+00:00,518.0,1.0,0.0
2026-02-03 20:17:59.060000+00:00,519.0,1.0,0.0
2026-02-03 20:18:10.581000+00:00,520.0,1.0,0.0
2026-02-03 20:18:20.098000+00:00,521.0,1.0,0.0
2026-02-03 20:18:33.121000+00:00,522.0,1.0,0.0
2026-02-03 20:18:42.134000+00:00,523.0,1.0,0.0
2026-02-03 20:18:54.157000+00:00,524.0,1.0,0.0
2026-02-03 20:19:08.681000+00:00,525.0,1.0,0.0
2026-02-03 20:19:16.196000+00:00,526.0,1.0,0.0
2026-02-03 20:19:25.713000+00:00,527.0,1.0,0.0
2026-02-03 20:19:39.238000+00:00,528.0,1.0,0.0
2026-02-03 20:19:49.256000+00:00,529.0,1.0,0.0
2026-02-03 20:20:04.785000+00:00,530.0,1.0,0.0
2026-02-03 20:20:15.304000+00:00,531.0,1.0,0.0
2026-02-03 20:20:23.820000+00:00,532.0,1.0,0.0
2026-02-03 20:20:33.837000+00:00,533.0,1.0,0.0
2026-02-03 20:20:52.371000+00:00,534.0,1.0,0.0
2026-02-03 20:20:58.883000+00:00,535.0,1.0,0.0
2026-02-03 20:21:11.406000+00:00,536.0,1.0,0.0
2026-02-03 20:21:19.421000+00:00,537.0,1.0,0.0
2026-02-03 20:21:28.938000+00:00,538.0,1.0,0.0
2026-02-03 20:21:40.958000+00:00,539.0,1.0,0.0
2026-02-03 20:21:56.486000+00:00,540.0,1.0,0.0
2026-02-03 20:22:06.002000+00:00,541.0,1.0,0.0
2026-02-03 20:22:13.012000+00:00,542.0,1.0,0.0
2026-02-03 20:22:24.034000+00:00,543.0,1.0,0.0
2026-02-03 20:22:38.560000+00:00,544.0,1.0,0.0
2026-02-03 20:22:45.571000+00:00,545.0,1.0,0.0
2026-02-03 20:22:57.095000+00:00,546.0,1.0,0.0
2026-02-03 20:23:08.117000+00:00,547.0,1.0,0.0
2026-02-03 20:23:20.137000+00:00,548.0,1.0,0.0
2026-02-03 20:23:31.658000+00:00,549.0,1.0,0.0
2026-02-03 20:23:41.676000+00:00,550.0,1.0,0.0
2026-02-03 20:23:52.694000+00:00,551.0,1.0,0.0
2026-02-03 20:24:02.712000+00:00,552.0,1.0,0.0
2026-02-03 20:24:14.233000+00:00,553.0,1.0,0.0
2026-02-03 20:24:21.251000+00:00,554.0,1.0,0.0
2026-02-03 20:24:28.263000+00:00,555.0,1.0,0.0
2026-02-03 20:24:36.777000+00:00,556.0,1.0,0.0
2026-02-03 20:24:47.297000+00:00,557.0,1.0,0.0
2026-02-03 20:24:58.817000+00:00,558.0,1.0,0.0
2026-02-03 20:25:09.834000+00:00,559.0,1.0,0.0
2026-02-03 20:25:20.856000+00:00,560.0,1.0,0.0
2026-02-03 20:25:33.377000+00:00,561.0,1.0,0.0
2026-02-03 20:25:43.897000+00:00,562.0,1.0,0.0
2026-02-03 20:25:54.417000+00:00,563.0,1.0,0.0
2026-02-03 20:44:38.017000+00:00,1.0,-562.0,-563.0
2026-02-03 20:45:59.236000+00:00,2.0,1.0,563.0
2026-02-03 20:46:10.257000+00:00,3.0,1.0,0.0
2026-02-03 20:46:17.772000+00:00,4.0,1.0,0.0
2026-02-03 20:46:27.289000+00:00,5.0,1.0,0.0
2026-02-03 20:46:43.320000+00:00,6.0,1.0,0.0
2026-02-03 20:47:04.355000+00:00,7.0,1.0,0.0
2026-02-03 20:47:07.862000+00:00,8.0,1.0,0.0
2026-02-03 20:47:30.903000+00:00,9.0,1.0,0.0
2026-02-03 20:47:35.411000+00:00,10.0,1.0,0.0
2026-02-03 20:47:48.935000+00:00,11.0,1.0,0.0
2026-02-03 20:47:52.940000+00:00,12.0,1.0,0.0
2026-02-03 20:48:12.976000+00:00,13.0,1.0,0.0
2026-02-03 20:48:21.991000+00:00,14.0,1.0,0.0
2026-02-03 20:48:32.009000+00:00,15.0,1.0,0.0
2026-02-03 20:48:39.022000+00:00,16.0,1.0,0.0
2026-02-03 20:48:54.049000+00:00,17.0,1.0,0.0
2026-02-03 20:48:57.556000+00:00,18.0,1.0,0.0
2026-02-03 20:49:09.579000+00:00,19.0,1.0,0.0
2026-02-03 20:49:18.094000+00:00,20.0,1.0,0.0
2026-02-03 20:49:28.114000+00:00,21.0,1.0,0.0
2026-02-03 20:50:13.197000+00:00,22.0,1.0,0.0
2026-02-03 20:50:20.208000+00:00,23.0,1.0,0.0
2026-02-03 20:50:30.228000+00:00,24.0,1.0,0.0
2026-02-03 20:50:38.241000+00:00,25.0,1.0,0.0
2026-02-03 20:50:47.258000+00:00,26.0,1.0,0.0
2026-02-03 20:50:56.776000+00:00,27.0,1.0,0.0
2026-02-03 20:51:08.795000+00:00,28.0,1.0,0.0
2026-02-03 20:51:17.811000+00:00,29.0,1.0,0.0
2026-02-03 20:51:27.829000+00:00,30.0,1.0,0.0
2026-02-03 20:51:42.384000+00:00,31.0,1.0,0.0
2026-02-03 20:51:49.396000+00:00,32.0,1.0,0.0
2026-02-03 20:52:00.417000+00:00,33.0,1.0,0.0
2026-02-03 20:52:11.937000+00:00,34.0,1.0,0.0
2026-02-03 20:52:21.451000+00:00,35.0,1.0,0.0
2026-02-03 20:52:33.973000+00:00,36.0,1.0,0.0
2026-02-03 20:52:42.991000+00:00,37.0,1.0,0.0
2026-02-03 20:52:55.512000+00:00,38.0,1.0,0.0
2026-02-03 20:53:05.032000+00:00,39.0,1.0,0.0
2026-02-03 20:53:16.552000+00:00,40.0,1.0,0.0
2026-02-03 20:53:25.569000+00:00,41.0,1.0,0.0
2026-02-03 20:53:39.094000+00:00,42.0,1.0,0.0
2026-02-03 20:53:51.116000+00:00,43.0,1.0,0.0
2026-02-03 20:54:00.134000+00:00,44.0,1.0,0.0
2026-02-03 20:54:10.653000+00:00,45.0,1.0,0.0
2026-02-03 20:54:22.676000+00:00,46.0,1.0,0.0
2026-02-03 20:54:33.193000+00:00,47.0,1.0,0.0
2026-02-03 20:54:44.716000+00:00,48.0,1.0,0.0
2026-02-03 20:54:54.736000+00:00,49.0,1.0,0.0
2026-02-03 20:55:06.257000+00:00,50.0,1.0,0.0
2026-02-03 20:55:16.776000+00:00,51.0,1.0,0.0
2026-02-03 20:55:29.296000+00:00,52.0,1.0,0.0
2026-02-03 20:55:40.318000+00:00,53.0,1.0,0.0
2026-02-03 20:55:49.837000+00:00,54.0,1.0,0.0
2026-02-03 20:55:59.855000+00:00,55.0,1.0,0.0
2026-02-03 20:56:11.376000+00:00,56.0,1.0,0.0
2026-02-03 20:56:22.396000+00:00,57.0,1.0,0.0
2026-02-03 20:56:34.420000+00:00,58.0,1.0,0.0
2026-02-03 20:56:45.442000+00:00,59.0,1.0,0.0
2026-02-03 20:56:54.957000+00:00,60.0,1.0,0.0
2026-02-03 20:57:06.477000+00:00,61.0,1.0,0.0
2026-02-03 20:57:18.498000+00:00,62.0,1.0,0.0
2026-02-03 20:57:27.515000+00:00,63.0,1.0,0.0
2026-02-03 20:57:39.538000+00:00,64.0,1.0,0.0
2026-02-03 20:57:51.560000+00:00,65.0,1.0,0.0
2026-02-03 20:58:00.577000+00:00,66.0,1.0,0.0
2026-02-03 20:58:10.594000+00:00,67.0,1.0,0.0
2026-02-03 20:58:23.616000+00:00,68.0,1.0,0.0
2026-02-03 20:58:33.634000+00:00,69.0,1.0,0.0
2026-02-03 20:58:44.153000+00:00,70.0,1.0,0.0
2026-02-03 20:58:55.175000+00:00,71.0,1.0,0.0
2026-02-03 20:59:06.196000+00:00,72.0,1.0,0.0
2026-02-03 20:59:16.211000+00:00,73.0,1.0,0.0
2026-02-03 20:59:23.224000+00:00,74.0,1.0,0.0
2026-02-03 20:59:29.736000+00:00,75.0,1.0,0.0
2026-02-03 20:59:38.252000+00:00,76.0,1.0,0.0
2026-02-03 20:59:49.773000+00:00,77.0,1.0,0.0
2026-02-03 20:59:59.790000+00:00,78.0,1.0,0.0
2026-02-03 21:00:11.310000+00:00,79.0,1.0,0.0
2026-02-03 21:00:20.828000+00:00,80.0,1.0,0.0
2026-02-03 21:00:32.847000+00:00,81.0,1.0,0.0
2026-02-03 21:00:44.369000+00:00,82.0,1.0,0.0
2026-02-03 21:00:53.385000+00:00,83.0,1.0,0.0
2026-02-03 21:01:05.908000+00:00,84.0,1.0,0.0
2026-02-03 21:01:17.430000+00:00,85.0,1.0,0.0
2026-02-03 21:01:27.947000+00:00,86.0,1.0,0.0
2026-02-03 21:01:38.967000+00:00,87.0,1.0,0.0
2026-02-03 21:01:48.483000+00:00,88.0,1.0,0.0
2026-02-03 21:02:00.506000+00:00,89.0,1.0,0.0
2026-02-03 21:02:11.524000+00:00,90.0,1.0,0.0
2026-02-03 21:02:24.547000+00:00,91.0,1.0,0.0
2026-02-03 21:02:32.563000+00:00,92.0,1.0,0.0
2026-02-03 21:02:43.584000+00:00,93.0,1.0,0.0
2026-02-03 21:02:54.603000+00:00,94.0,1.0,0.0
2026-02-03 21:03:06.128000+00:00,95.0,1.0,0.0
2026-02-03 21:03:16.647000+00:00,96.0,1.0,0.0
2026-02-03 21:03:28.170000+00:00,97.0,1.0,0.0
2026-02-03 21:03:40.692000+00:00,98.0,1.0,0.0
2026-02-03 21:03:48.707000+00:00,99.0,1.0,0.0
2026-02-03 21:04:00.229000+00:00,100.0,1.0,0.0
2026-02-03 21:04:11.748000+00:00,101.0,1.0,0.0
2026-02-03 21:04:21.765000+00:00,102.0,1.0,0.0
2026-02-03 21:04:33.784000+00:00,103.0,1.0,0.0
2026-02-03 21:04:44.803000+00:00,104.0,1.0,0.0
2026-02-03 21:04:55.824000+00:00,105.0,1.0,0.0
2026-02-03 21:05:05.841000+00:00,106.0,1.0,0.0
2026-02-03 21:05:17.361000+00:00,107.0,1.0,0.0
2026-02-03 21:05:27.381000+00:00,108.0,1.0,0.0
2026-02-03 21:05:39.400000+00:00,109.0,1.0,0.0
2026-02-03 21:05:48.916000+00:00,110.0,1.0,0.0
2026-02-03 21:06:00.940000+00:00,111.0,1.0,0.0
2026-02-03 21:06:10.957000+00:00,112.0,1.0,0.0
2026-02-03 21:06:21.980000+00:00,113.0,1.0,0.0
2026-02-03 21:06:33.005000+00:00,114.0,1.0,0.0
2026-02-03 21:06:45.025000+00:00,115.0,1.0,0.0
2026-02-03 21:06:54.542000+00:00,116.0,1.0,0.0
2026-02-03 21:07:06.565000+00:00,117.0,1.0,0.0
2026-02-03 21:07:16.585000+00:00,118.0,1.0,0.0
2026-02-03 21:07:27.602000+00:00,119.0,1.0,0.0
2026-02-03 21:07:37.621000+00:00,120.0,1.0,0.0
2026-02-03 21:07:49.142000+00:00,121.0,1.0,0.0
2026-02-03 21:08:01.165000+00:00,122.0,1.0,0.0
2026-02-03 21:08:11.687000+00:00,123.0,1.0,0.0
2026-02-03 21:08:22.204000+00:00,124.0,1.0,0.0
2026-02-03 21:08:33.223000+00:00,125.0,1.0,0.0
2026-02-03 21:08:43.243000+00:00,126.0,1.0,0.0
2026-02-03 21:08:55.261000+00:00,127.0,1.0,0.0
2026-02-03 21:09:05.789000+00:00,128.0,1.0,0.0
2026-02-03 21:09:17.310000+00:00,129.0,1.0,0.0
2026-02-03 21:09:28.335000+00:00,130.0,1.0,0.0
2026-02-03 21:09:38.854000+00:00,131.0,1.0,0.0
2026-02-03 21:09:50.876000+00:00,132.0,1.0,0.0
2026-02-03 21:10:00.895000+00:00,133.0,1.0,0.0
2026-02-03 21:10:11.914000+00:00,134.0,1.0,0.0
2026-02-03 21:10:24.434000+00:00,135.0,1.0,0.0
2026-02-03 21:10:33.952000+00:00,136.0,1.0,0.0
2026-02-03 21:10:44.469000+00:00,137.0,1.0,0.0
2026-02-03 21:10:54.988000+00:00,138.0,1.0,0.0
2026-02-03 21:11:09.014000+00:00,139.0,1.0,0.0
2026-02-03 21:11:16.526000+00:00,140.0,1.0,0.0
2026-02-03 21:11:31.051000+00:00,141.0,1.0,0.0
2026-02-03 21:11:39.066000+00:00,142.0,1.0,0.0
2026-02-03 21:11:52.588000+00:00,143.0,1.0,0.0
2026-02-03 21:12:01.103000+00:00,144.0,1.0,0.0
2026-02-03 21:12:11.120000+00:00,145.0,1.0,0.0
2026-02-03 21:12:23.142000+00:00,146.0,1.0,0.0
2026-02-03 21:12:34.660000+00:00,147.0,1.0,0.0
2026-02-03 21:12:50.188000+00:00,148.0,1.0,0.0
2026-02-03 21:12:56.198000+00:00,149.0,1.0,0.0
2026-02-03 21:13:06.215000+00:00,150.0,1.0,0.0
2026-02-03 21:13:22.245000+00:00,151.0,1.0,0.0
2026-02-03 21:13:29.756000+00:00,152.0,1.0,0.0
2026-02-03 21:13:42.781000+00:00,153.0,1.0,0.0
2026-02-03 21:13:51.797000+00:00,154.0,1.0,0.0
2026-02-03 21:14:04.317000+00:00,155.0,1.0,0.0
2026-02-03 21:14:13.835000+00:00,156.0,1.0,0.0
2026-02-03 21:14:24.855000+00:00,157.0,1.0,0.0
2026-02-03 21:14:35.876000+00:00,158.0,1.0,0.0
2026-02-03 21:14:45.894000+00:00,159.0,1.0,0.0
2026-02-03 21:14:57.414000+00:00,160.0,1.0,0.0
2026-02-03 21:15:08.936000+00:00,161.0,1.0,0.0
2026-02-03 21:15:19.954000+00:00,162.0,1.0,0.0
2026-02-03 21:15:29.470000+00:00,163.0,1.0,0.0
2026-02-03 21:15:39.989000+00:00,164.0,1.0,0.0
2026-02-03 21:15:52.011000+00:00,165.0,1.0,0.0
2026-02-03 21:31:28.278000+00:00,1.0,-164.0,-165.0
2026-02-03 21:36:20.473000+00:00,1.0,0.0,164.0
2026-02-03 21:42:41.856000+00:00,1.0,0.0,0.0
2026-02-03 21:42:52.373000+00:00,2.0,1.0,1.0
2026-02-03 21:43:04.396000+00:00,3.0,1.0,0.0
2026-02-03 21:43:11.910000+00:00,4.0,1.0,0.0
2026-02-03 21:43:22.428000+00:00,5.0,1.0,0.0
2026-02-03 21:43:29.442000+00:00,6.0,1.0,0.0
2026-02-03 21:43:37.458000+00:00,7.0,1.0,0.0
2026-02-03 21:43:51.984000+00:00,8.0,1.0,0.0
2026-02-03 21:44:03.504000+00:00,9.0,1.0,0.0
2026-02-03 21:44:09.515000+00:00,10.0,1.0,0.0
2026-02-03 21:44:23.541000+00:00,11.0,1.0,0.0
2026-02-03 21:44:29.052000+00:00,12.0,1.0,0.0
2026-02-03 21:44:40.073000+00:00,13.0,1.0,0.0
2026-02-03 21:44:50.594000+00:00,14.0,1.0,0.0
2026-02-03 21:45:03.117000+00:00,15.0,1.0,0.0
2026-02-03 21:45:14.639000+00:00,16.0,1.0,0.0
2026-02-03 21:45:26.160000+00:00,17.0,1.0,0.0
2026-02-03 21:45:37.181000+00:00,18.0,1.0,0.0
2026-02-03 21:45:47.199000+00:00,19.0,1.0,0.0
2026-02-03 21:45:55.716000+00:00,20.0,1.0,0.0
2026-02-03 21:46:06.735000+00:00,21.0,1.0,0.0
2026-02-03 21:46:18.254000+00:00,22.0,1.0,0.0
2026-02-03 21:46:30.277000+00:00,23.0,1.0,0.0
2026-02-03 21:46:39.293000+00:00,24.0,1.0,0.0
2026-02-03 21:46:50.314000+00:00,25.0,1.0,0.0
2026-02-03 21:47:01.335000+00:00,26.0,1.0,0.0
2026-02-03 21:47:12.354000+00:00,27.0,1.0,0.0
2026-02-03 21:47:23.373000+00:00,28.0,1.0,0.0
2026-02-03 21:47:33.393000+00:00,29.0,1.0,0.0
2026-02-03 21:47:43.915000+00:00,30.0,1.0,0.0
2026-02-03 21:47:56.439000+00:00,31.0,1.0,0.0
2026-02-03 21:48:06.457000+00:00,32.0,1.0,0.0
2026-02-03 21:48:17.477000+00:00,33.0,1.0,0.0
2026-02-03 21:48:27.996000+00:00,34.0,1.0,0.0
2026-02-03 21:48:46.029000+00:00,35.0,1.0,0.0
2026-02-03 21:48:52.540000+00:00,36.0,1.0,0.0
2026-02-03 21:49:01.054000+00:00,37.0,1.0,0.0
2026-02-03 21:49:11.572000+00:00,38.0,1.0,0.0
2026-02-03 21:49:21.091000+00:00,39.0,1.0,0.0
2026-02-03 21:49:33.113000+00:00,40.0,1.0,0.0
2026-02-03 21:49:44.634000+00:00,41.0,1.0,0.0
2026-02-03 21:49:56.154000+00:00,42.0,1.0,0.0
2026-02-03 21:50:05.671000+00:00,43.0,1.0,0.0
2026-02-03 21:50:17.193000+00:00,44.0,1.0,0.0
2026-02-03 21:50:28.716000+00:00,45.0,1.0,0.0
2026-02-03 21:50:40.739000+00:00,46.0,1.0,0.0
2026-02-03 21:50:50.756000+00:00,47.0,1.0,0.0
2026-02-03 21:51:03.781000+00:00,48.0,1.0,0.0
2026-02-03 21:51:12.798000+00:00,49.0,1.0,0.0
2026-02-03 21:51:23.318000+00:00,50.0,1.0,0.0
2026-02-03 21:51:39.847000+00:00,51.0,1.0,0.0
2026-02-03 21:51:47.367000+00:00,52.0,1.0,0.0
2026-02-03 21:51:58.889000+00:00,53.0,1.0,0.0
2026-02-03 21:52:06.403000+00:00,54.0,1.0,0.0
2026-02-03 21:52:10.910000+00:00,55.0,1.0,0.0
2026-02-03 21:52:18.425000+00:00,56.0,1.0,0.0
2026-02-03 21:52:28.442000+00:00,57.0,1.0,0.0
2026-02-03 21:52:41.967000+00:00,58.0,1.0,0.0
2026-02-03 21:52:49.981000+00:00,59.0,1.0,0.0
2026-02-03 21:53:04.507000+00:00,60.0,1.0,0.0
2026-02-03 21:53:12.519000+00:00,61.0,1.0,0.0
2026-02-03 21:53:23.542000+00:00,62.0,1.0,0.0
2026-02-03 21:53:33.058000+00:00,63.0,1.0,0.0
2026-02-03 21:53:44.077000+00:00,64.0,1.0,0.0
2026-02-03 21:53:54.093000+00:00,65.0,1.0,0.0
2026-02-03 21:54:06.615000+00:00,66.0,1.0,0.0
2026-02-03 21:54:16.629000+00:00,67.0,1.0,0.0
2026-02-03 21:54:28.652000+00:00,68.0,1.0,0.0
2026-02-03 21:54:38.167000+00:00,69.0,1.0,0.0
2026-02-03 21:54:51.191000+00:00,70.0,1.0,0.0
2026-02-03 21:55:02.211000+00:00,71.0,1.0,0.0
2026-02-03 21:55:13.228000+00:00,72.0,1.0,0.0
2026-02-03 21:55:21.243000+00:00,73.0,1.0,0.0
2026-02-03 21:55:35.771000+00:00,74.0,1.0,0.0
2026-02-03 21:55:44.285000+00:00,75.0,1.0,0.0
2026-02-03 21:55:55.307000+00:00,76.0,1.0,0.0
2026-02-03 21:56:07.328000+00:00,77.0,1.0,0.0
2026-02-03 21:56:17.848000+00:00,78.0,1.0,0.0
2026-02-03 21:56:27.866000+00:00,79.0,1.0,0.0
2026-02-03 21:56:40.388000+00:00,80.0,1.0,0.0
2026-02-03 21:56:50.406000+00:00,81.0,1.0,0.0
2026-02-03 21:57:02.427000+00:00,82.0,1.0,0.0
2026-02-03 21:57:11.442000+00:00,83.0,1.0,0.0
2026-02-03 21:57:23.464000+00:00,84.0,1.0,0.0
2026-02-03 21:57:33.483000+00:00,85.0,1.0,0.0
2026-02-03 21:57:45.006000+00:00,86.0,1.0,0.0
2026-02-03 21:57:55.525000+00:00,87.0,1.0,0.0
2026-02-03 21:58:09.051000+00:00,88.0,1.0,0.0
2026-02-03 21:58:18.066000+00:00,89.0,1.0,0.0
2026-02-03 21:58:28.084000+00:00,90.0,1.0,0.0
2026-02-03 21:58:39.106000+00:00,91.0,1.0,0.0
2026-02-03 21:58:49.624000+00:00,92.0,1.0,0.0
2026-02-03 21:59:01.146000+00:00,93.0,1.0,0.0
2026-02-03 21:59:11.163000+00:00,94.0,1.0,0.0
2026-02-03 21:59:22.184000+00:00,95.0,1.0,0.0
2026-02-03 21:59:33.203000+00:00,96.0,1.0,0.0
2026-02-03 21:59:45.726000+00:00,97.0,1.0,0.0
2026-02-03 21:59:54.744000+00:00,98.0,1.0,0.0
2026-02-03 22:00:05.261000+00:00,99.0,1.0,0.0
2026-02-03 22:00:16.779000+00:00,100.0,1.0,0.0
2026-02-03 22:00:27.297000+00:00,101.0,1.0,0.0
2026-02-03 22:00:39.820000+00:00,102.0,1.0,0.0
2026-02-03 22:00:49.342000+00:00,103.0,1.0,0.0
2026-02-03 22:01:00.863000+00:00,104.0,1.0,0.0
2026-02-03 22:01:11.885000+00:00,105.0,1.0,0.0
2026-02-03 22:01:22.404000+00:00,106.0,1.0,0.0
2026-02-03 22:01:34.928000+00:00,107.0,1.0,0.0
2026-02-03 22:01:46.447000+00:00,108.0,1.0,0.0
2026-02-03 22:01:54.462000+00:00,109.0,1.0,0.0
2026-02-03 22:02:05.482000+00:00,110.0,1.0,0.0
2026-02-03 22:02:16.001000+00:00,111.0,1.0,0.0
2026-02-03 22:02:27.019000+00:00,112.0,1.0,0.0
2026-02-03 22:02:38.038000+00:00,113.0,1.0,0.0
2026-02-03 22:02:49.559000+00:00,114.0,1.0,0.0
2026-02-03 22:02:59.077000+00:00,115.0,1.0,0.0
2026-02-03 22:03:11.096000+00:00,116.0,1.0,0.0
2026-02-03 22:03:22.116000+00:00,117.0,1.0,0.0
2026-02-03 22:03:33.136000+00:00,118.0,1.0,0.0
2026-02-03 22:03:42.655000+00:00,119.0,1.0,0.0
2026-02-03 22:03:54.676000+00:00,120.0,1.0,0.0
2026-02-03 22:04:03.692000+00:00,121.0,1.0,0.0
2026-02-03 22:04:17.217000+00:00,122.0,1.0,0.0
2026-02-03 22:04:27.735000+00:00,123.0,1.0,0.0
2026-02-03 22:04:38.254000+00:00,124.0,1.0,0.0
2026-02-03 22:04:48.273000+00:00,125.0,1.0,0.0
2026-02-03 22:05:00.795000+00:00,126.0,1.0,0.0
2026-02-03 22:05:10.813000+00:00,127.0,1.0,0.0
2026-02-03 22:08:34.640000+00:00,1.0,-126.0,-127.0
2026-02-03 22:08:45.158000+00:00,2.0,1.0,127.0
2026-02-03 22:08:56.176000+00:00,3.0,1.0,0.0
2026-02-03 22:09:03.691000+00:00,4.0,1.0,0.0
2026-02-03 22:09:12.709000+00:00,5.0,1.0,0.0
2026-02-03 22:09:21.725000+00:00,6.0,1.0,0.0
2026-02-03 22:09:29.239000+00:00,7.0,1.0,0.0
2026-02-03 22:09:38.757000+00:00,8.0,1.0,0.0
2026-02-03 22:09:49.274000+00:00,9.0,1.0,0.0
2026-02-03 22:10:00.792000+00:00,10.0,1.0,0.0
2026-02-03 22:10:11.812000+00:00,11.0,1.0,0.0
2026-02-03 22:10:22.831000+00:00,12.0,1.0,0.0
2026-02-03 22:10:32.853000+00:00,13.0,1.0,0.0
2026-02-03 22:10:44.373000+00:00,14.0,1.0,0.0
2026-02-03 22:10:53.891000+00:00,15.0,1.0,0.0
2026-02-03 22:11:05.912000+00:00,16.0,1.0,0.0
2026-02-03 22:11:15.429000+00:00,17.0,1.0,0.0
2026-02-03 22:11:27.954000+00:00,18.0,1.0,0.0
2026-02-03 22:11:37.972000+00:00,19.0,1.0,0.0
2026-02-03 22:11:52.498000+00:00,20.0,1.0,0.0
2026-02-03 22:12:01.513000+00:00,21.0,1.0,0.0
2026-02-03 22:12:10.531000+00:00,22.0,1.0,0.0
2026-02-03 22:12:20.049000+00:00,23.0,1.0,0.0
2026-02-03 22:12:32.572000+00:00,24.0,1.0,0.0
2026-02-03 22:12:42.090000+00:00,25.0,1.0,0.0
2026-02-03 22:12:53.112000+00:00,26.0,1.0,0.0
2026-02-03 22:13:04.130000+00:00,27.0,1.0,0.0
2026-02-03 22:13:16.654000+00:00,28.0,1.0,0.0
2026-02-03 22:13:25.670000+00:00,29.0,1.0,0.0
2026-02-03 22:13:40.699000+00:00,30.0,1.0,0.0
2026-02-03 22:13:51.218000+00:00,31.0,1.0,0.0
2026-02-03 22:13:59.232000+00:00,32.0,1.0,0.0
2026-02-03 22:14:08.753000+00:00,33.0,1.0,0.0
2026-02-03 22:14:20.773000+00:00,34.0,1.0,0.0
2026-02-03 22:14:31.791000+00:00,35.0,1.0,0.0
2026-02-03 22:14:42.810000+00:00,36.0,1.0,0.0
2026-02-03 22:14:53.329000+00:00,37.0,1.0,0.0
2026-02-03 22:15:04.851000+00:00,38.0,1.0,0.0
2026-02-03 22:15:15.371000+00:00,39.0,1.0,0.0
2026-02-03 22:15:26.893000+00:00,40.0,1.0,0.0
2026-02-03 22:15:37.912000+00:00,41.0,1.0,0.0
2026-02-03 22:15:48.932000+00:00,42.0,1.0,0.0
2026-02-03 22:15:59.453000+00:00,43.0,1.0,0.0
2026-02-03 22:16:10.972000+00:00,44.0,1.0,0.0
2026-02-03 22:16:20.493000+00:00,45.0,1.0,0.0
2026-02-03 22:16:32.517000+00:00,46.0,1.0,0.0
2026-02-03 22:16:42.535000+00:00,47.0,1.0,0.0
2026-02-03 22:16:55.561000+00:00,48.0,1.0,0.0
2026-02-03 22:17:04.077000+00:00,49.0,1.0,0.0
2026-02-03 22:17:16.099000+00:00,50.0,1.0,0.0
2026-02-03 22:17:26.118000+00:00,51.0,1.0,0.0
2026-02-03 22:17:37.138000+00:00,52.0,1.0,0.0
2026-02-03 22:17:49.162000+00:00,53.0,1.0,0.0
2026-02-03 22:17:59.679000+00:00,54.0,1.0,0.0
2026-02-03 22:18:10.703000+00:00,55.0,1.0,0.0
2026-02-03 22:18:21.724000+00:00,56.0,1.0,0.0
2026-02-03 22:18:31.242000+00:00,57.0,1.0,0.0
2026-02-03 22:18:43.265000+00:00,58.0,1.0,0.0
2026-02-03 22:18:53.282000+00:00,59.0,1.0,0.0
2026-02-03 22:19:05.808000+00:00,60.0,1.0,0.0
2026-02-03 22:19:15.325000+00:00,61.0,1.0,0.0
2026-02-03 22:19:27.846000+00:00,62.0,1.0,0.0
2026-02-03 22:19:37.363000+00:00,63.0,1.0,0.0
2026-02-03 22:19:48.884000+00:00,64.0,1.0,0.0
2026-02-03 22:20:02.411000+00:00,65.0,1.0,0.0
2026-02-03 22:20:09.922000+00:00,66.0,1.0,0.0
2026-02-03 22:20:20.940000+00:00,67.0,1.0,0.0
2026-02-03 22:20:33.463000+00:00,68.0,1.0,0.0
2026-02-03 22:20:46.487000+00:00,69.0,1.0,0.0
2026-02-03 22:20:55.503000+00:00,70.0,1.0,0.0
2026-02-03 22:21:04.020000+00:00,71.0,1.0,0.0
2026-02-03 22:21:26.561000+00:00,72.0,1.0,0.0
2026-02-03 22:21:37.082000+00:00,73.0,1.0,0.0
2026-02-03 22:21:48.603000+00:00,74.0,1.0,0.0
2026-02-03 22:21:58.121000+00:00,75.0,1.0,0.0
2026-02-03 22:22:08.138000+00:00,76.0,1.0,0.0
2026-02-03 22:22:15.654000+00:00,77.0,1.0,0.0
2026-02-03 22:22:30.182000+00:00,78.0,1.0,0.0
2026-02-03 22:22:45.710000+00:00,79.0,1.0,0.0
2026-02-03 22:22:53.725000+00:00,80.0,1.0,0.0
2026-02-03 22:23:07.750000+00:00,81.0,1.0,0.0
2026-02-03 22:23:16.267000+00:00,82.0,1.0,0.0
2026-02-03 22:23:29.793000+00:00,83.0,1.0,0.0
2026-02-03 22:23:37.808000+00:00,84.0,1.0,0.0
2026-02-03 22:23:49.829000+00:00,85.0,1.0,0.0
2026-02-03 22:23:58.345000+00:00,86.0,1.0,0.0
2026-02-03 22:24:13.371000+00:00,87.0,1.0,0.0
2026-02-03 22:24:21.886000+00:00,88.0,1.0,0.0
2026-02-03 22:24:36.415000+00:00,89.0,1.0,0.0
2026-02-03 22:24:43.926000+00:00,90.0,1.0,0.0
2026-02-03 22:24:56.951000+00:00,91.0,1.0,0.0
2026-02-03 22:25:05.967000+00:00,92.0,1.0,0.0
2026-02-03 22:25:18.490000+00:00,93.0,1.0,0.0
2026-02-03 22:25:26.504000+00:00,94.0,1.0,0.0
2026-02-03 22:25:40.533000+00:00,95.0,1.0,0.0
2026-02-03 22:25:50.548000+00:00,96.0,1.0,0.0
2026-02-03 22:26:05.075000+00:00,97.0,1.0,0.0
2026-02-03 22:26:20.605000+00:00,98.0,1.0,0.0
2026-02-03 22:26:36.637000+00:00,99.0,1.0,0.0
2026-02-03 22:26:43.149000+00:00,100.0,1.0,0.0
2026-02-03 22:26:56.172000+00:00,101.0,1.0,0.0
2026-02-03 22:27:03.183000+00:00,102.0,1.0,0.0
2026-02-03 22:27:16.207000+00:00,103.0,1.0,0.0
2026-02-03 22:27:25.223000+00:00,104.0,1.0,0.0
2026-02-03 22:27:38.248000+00:00,105.0,1.0,0.0
2026-02-03 22:27:48.267000+00:00,106.0,1.0,0.0
2026-02-03 22:28:01.789000+00:00,107.0,1.0,0.0
2026-02-03 22:28:10.805000+00:00,108.0,1.0,0.0
2026-02-03 22:28:24.831000+00:00,109.0,1.0,0.0
2026-02-03 22:28:32.344000+00:00,110.0,1.0,0.0
2026-02-03 22:28:44.867000+00:00,111.0,1.0,0.0
2026-02-03 22:28:51.878000+00:00,112.0,1.0,0.0
2026-02-03 22:29:04.904000+00:00,113.0,1.0,0.0
2026-02-03 22:29:31.452000+00:00,114.0,1.0,0.0
2026-02-03 22:29:38.965000+00:00,115.0,1.0,0.0
2026-02-03 22:29:49.985000+00:00,116.0,1.0,0.0
2026-02-03 22:29:58+00:00,117.0,1.0,0.0
2026-02-03 22:30:06.515000+00:00,118.0,1.0,0.0
2026-02-03 22:30:40.582000+00:00,119.0,1.0,0.0
2026-02-03 22:30:44.590000+00:00,120.0,1.0,0.0
2026-02-03 22:30:57.615000+00:00,121.0,1.0,0.0
2026-02-03 22:31:06.130000+00:00,122.0,1.0,0.0
2026-02-03 22:31:24.159000+00:00,123.0,1.0,0.0
2026-02-03 22:31:30.695000+00:00,124.0,1.0,0.0
2026-02-03 22:31:49.231000+00:00,125.0,1.0,0.0
2026-02-03 22:31:59.249000+00:00,126.0,1.0,0.0
2026-02-03 22:32:08.264000+00:00,127.0,1.0,0.0
2026-02-03 22:32:18.782000+00:00,128.0,1.0,0.0
2026-02-03 22:32:34.310000+00:00,129.0,1.0,0.0
2026-02-03 22:32:49.839000+00:00,130.0,1.0,0.0
2026-02-03 22:33:23.904000+00:00,131.0,1.0,0.0
2026-02-03 22:33:29.414000+00:00,132.0,1.0,0.0
2026-02-03 22:33:36.427000+00:00,133.0,1.0,0.0
2026-02-03 22:33:46.951000+00:00,134.0,1.0,0.0
2026-02-03 22:33:58.973000+00:00,135.0,1.0,0.0
2026-02-03 22:34:12.499000+00:00,136.0,1.0,0.0
2026-02-03 22:34:27.026000+00:00,137.0,1.0,0.0
2026-02-03 22:34:36.042000+00:00,138.0,1.0,0.0
2026-02-03 22:34:49.068000+00:00,139.0,1.0,0.0
2026-02-03 22:34:59.088000+00:00,140.0,1.0,0.0
2026-02-03 22:35:09.106000+00:00,141.0,1.0,0.0
2026-02-03 22:35:20.628000+00:00,142.0,1.0,0.0
2026-02-03 22:35:36.660000+00:00,143.0,1.0,0.0
2026-02-03 22:35:46.175000+00:00,144.0,1.0,0.0
2026-02-03 22:35:57.694000+00:00,145.0,1.0,0.0
2026-02-03 22:36:09.720000+00:00,146.0,1.0,0.0
2026-02-03 22:36:18.736000+00:00,147.0,1.0,0.0
2026-02-03 22:36:30.261000+00:00,148.0,1.0,0.0
2026-02-03 22:36:39.777000+00:00,149.0,1.0,0.0
2026-02-03 22:36:55.808000+00:00,150.0,1.0,0.0
2026-02-03 22:36:57.811000+00:00,151.0,1.0,0.0
2026-02-03 22:37:07.328000+00:00,152.0,1.0,0.0
2026-02-03 22:37:16.348000+00:00,153.0,1.0,0.0
2026-02-03 22:37:28.370000+00:00,154.0,1.0,0.0
2026-02-03 22:37:44.401000+00:00,155.0,1.0,0.0
2026-02-03 22:37:46.404000+00:00,156.0,1.0,0.0
2026-02-03 22:37:53.419000+00:00,157.0,1.0,0.0
2026-02-03 22:38:03.437000+00:00,158.0,1.0,0.0
2026-02-03 22:38:14.463000+00:00,159.0,1.0,0.0
2026-02-03 22:38:24.982000+00:00,160.0,1.0,0.0
2026-02-03 22:38:36.503000+00:00,161.0,1.0,0.0
2026-02-03 22:38:54.542000+00:00,162.0,1.0,0.0
2026-02-03 22:39:03.558000+00:00,163.0,1.0,0.0
2026-02-03 22:39:13.576000+00:00,164.0,1.0,0.0
2026-02-03 22:39:23.594000+00:00,165.0,1.0,0.0
2026-02-03 22:39:36.136000+00:00,166.0,1.0,0.0
2026-02-03 22:39:45.153000+00:00,167.0,1.0,0.0
2026-02-03 22:40:06.693000+00:00,168.0,1.0,0.0
2026-02-03 22:40:15.208000+00:00,169.0,1.0,0.0
2026-02-03 22:40:24.722000+00:00,170.0,1.0,0.0
2026-02-03 22:40:34.237000+00:00,171.0,1.0,0.0
2026-02-03 22:43:47.266000+00:00,1.0,-170.0,-171.0
2026-02-03 22:44:03.296000+00:00,2.0,1.0,171.0
2026-02-03 22:44:21.831000+00:00,3.0,1.0,0.0
2026-02-03 22:44:29.846000+00:00,4.0,1.0,0.0
2026-02-03 22:44:34.855000+00:00,5.0,1.0,0.0
2026-02-03 22:44:42.867000+00:00,6.0,1.0,0.0
2026-02-03 22:44:52.386000+00:00,7.0,1.0,0.0
2026-02-03 22:45:13.422000+00:00,8.0,1.0,0.0
2026-02-03 22:45:24.942000+00:00,9.0,1.0,0.0
2026-02-03 22:45:36.461000+00:00,10.0,1.0,0.0
2026-02-03 22:45:48.480000+00:00,11.0,1.0,0.0
2026-02-03 22:45:58.999000+00:00,12.0,1.0,0.0
2026-02-03 22:46:09.519000+00:00,13.0,1.0,0.0
2026-02-03 22:46:21.544000+00:00,14.0,1.0,0.0
2026-02-03 22:46:35.071000+00:00,15.0,1.0,0.0
2026-02-03 22:46:42.584000+00:00,16.0,1.0,0.0
2026-02-03 22:46:56.108000+00:00,17.0,1.0,0.0
2026-02-03 22:47:08.130000+00:00,18.0,1.0,0.0
2026-02-03 22:47:18.147000+00:00,19.0,1.0,0.0
2026-02-03 22:47:29.166000+00:00,20.0,1.0,0.0
2026-02-03 22:47:42.690000+00:00,21.0,1.0,0.0
2026-02-03 22:47:53.209000+00:00,22.0,1.0,0.0
2026-02-03 22:48:07.733000+00:00,23.0,1.0,0.0
2026-02-03 22:48:20.252000+00:00,24.0,1.0,0.0
2026-02-03 22:48:27.766000+00:00,25.0,1.0,0.0
2026-02-03 22:48:37.783000+00:00,26.0,1.0,0.0
2026-02-03 22:48:52.308000+00:00,27.0,1.0,0.0
2026-02-03 22:49:01.326000+00:00,28.0,1.0,0.0
2026-02-03 22:49:15.348000+00:00,29.0,1.0,0.0
2026-02-03 22:49:30.877000+00:00,30.0,1.0,0.0
2026-02-03 22:49:39.894000+00:00,31.0,1.0,0.0
2026-02-03 22:49:50.413000+00:00,32.0,1.0,0.0
2026-02-03 22:50:02.934000+00:00,33.0,1.0,0.0
2026-02-03 22:50:09.947000+00:00,34.0,1.0,0.0
2026-02-03 22:50:18.962000+00:00,35.0,1.0,0.0
2026-02-03 22:50:27.978000+00:00,36.0,1.0,0.0
2026-02-03 22:50:35.491000+00:00,37.0,1.0,0.0
2026-02-03 22:50:46.010000+00:00,38.0,1.0,0.0
2026-02-03 22:50:57.031000+00:00,39.0,1.0,0.0
2026-02-03 22:51:07.048000+00:00,40.0,1.0,0.0
2026-02-03 22:51:18.568000+00:00,41.0,1.0,0.0
2026-02-03 22:51:30.589000+00:00,42.0,1.0,0.0
2026-02-03 22:51:40.107000+00:00,43.0,1.0,0.0
2026-02-03 22:51:50.125000+00:00,44.0,1.0,0.0
2026-02-03 22:52:02.145000+00:00,45.0,1.0,0.0
2026-02-03 22:52:10.662000+00:00,46.0,1.0,0.0
2026-02-03 22:52:24.186000+00:00,47.0,1.0,0.0
2026-02-03 22:52:36.207000+00:00,48.0,1.0,0.0
2026-02-03 22:52:44.722000+00:00,49.0,1.0,0.0
2026-02-03 22:52:57.243000+00:00,50.0,1.0,0.0
2026-02-03 22:53:06.260000+00:00,51.0,1.0,0.0
2026-02-03 22:53:16.779000+00:00,52.0,1.0,0.0
2026-02-03 22:53:28.801000+00:00,53.0,1.0,0.0
2026-02-03 22:53:39.323000+00:00,54.0,1.0,0.0
2026-02-03 22:53:50.843000+00:00,55.0,1.0,0.0
2026-02-03 22:54:01.363000+00:00,56.0,1.0,0.0
2026-02-03 22:54:13.383000+00:00,57.0,1.0,0.0
2026-02-03 22:54:23.399000+00:00,58.0,1.0,0.0
2026-02-03 22:54:35.418000+00:00,59.0,1.0,0.0
2026-02-03 22:54:46.437000+00:00,60.0,1.0,0.0
2026-02-03 22:54:57.457000+00:00,61.0,1.0,0.0
2026-02-03 22:55:05.474000+00:00,62.0,1.0,0.0
2026-02-03 22:55:20.502000+00:00,63.0,1.0,0.0
2026-02-03 22:55:30.021000+00:00,64.0,1.0,0.0
2026-02-03 22:55:51.061000+00:00,65.0,1.0,0.0
2026-02-03 22:56:03.083000+00:00,66.0,1.0,0.0
2026-02-03 22:56:15.106000+00:00,67.0,1.0,0.0
2026-02-03 22:56:25.125000+00:00,68.0,1.0,0.0
2026-02-03 22:56:35.143000+00:00,69.0,1.0,0.0
2026-02-03 22:56:46.162000+00:00,70.0,1.0,0.0
2026-02-03 22:56:58.184000+00:00,71.0,1.0,0.0
2026-02-03 22:57:08.702000+00:00,72.0,1.0,0.0
2026-02-03 22:57:23.731000+00:00,73.0,1.0,0.0
2026-02-03 22:57:32.745000+00:00,74.0,1.0,0.0
2026-02-03 23:58:13.457000+00:00,1.0,-73.0,-74.0
2026-02-03 23:58:35.018000+00:00,2.0,1.0,74.0
2026-02-03 23:58:55.560000+00:00,3.0,1.0,0.0
2026-02-03 23:59:16.097000+00:00,4.0,1.0,0.0
2026-02-03 23:59:24.609000+00:00,5.0,1.0,0.0
2026-02-03 23:59:35.629000+00:00,6.0,1.0,0.0
2026-02-03 23:59:45.145000+00:00,7.0,1.0,0.0
2026-02-04 00:00:00.173000+00:00,8.0,1.0,0.0
2026-02-04 00:00:24.225000+00:00,9.0,1.0,0.0
2026-02-04 00:00:32.241000+00:00,10.0,1.0,0.0
2026-02-04 00:00:46.265000+00:00,11.0,1.0,0.0
2026-02-04 00:00:55.282000+00:00,12.0,1.0,0.0
2026-02-04 00:01:09.309000+00:00,13.0,1.0,0.0
2026-02-04 00:01:26.342000+00:00,14.0,1.0,0.0
2026-02-04 00:01:43.372000+00:00,15.0,1.0,0.0
2026-02-04 00:01:53.893000+00:00,16.0,1.0,0.0
2026-02-04 00:02:06.918000+00:00,17.0,1.0,0.0
2026-02-04 00:02:17.939000+00:00,18.0,1.0,0.0
2026-02-04 00:02:33.465000+00:00,19.0,1.0,0.0
2026-02-04 00:02:46.488000+00:00,20.0,1.0,0.0
2026-02-04 00:02:59.012000+00:00,21.0,1.0,0.0
2026-02-04 00:03:14.040000+00:00,22.0,1.0,0.0
2026-02-04 00:03:24.056000+00:00,23.0,1.0,0.0
2026-02-04 00:03:38.083000+00:00,24.0,1.0,0.0
2026-02-04 00:03:55.113000+00:00,25.0,1.0,0.0
2026-02-04 00:04:03.629000+00:00,26.0,1.0,0.0
2026-02-04 00:04:21.666000+00:00,27.0,1.0,0.0
2026-02-04 00:04:34.188000+00:00,28.0,1.0,0.0
2026-02-04 00:04:48.713000+00:00,29.0,1.0,0.0
2026-02-04 00:05:00.233000+00:00,30.0,1.0,0.0
2026-02-04 00:05:11.254000+00:00,31.0,1.0,0.0
2026-02-04 00:05:28.282000+00:00,32.0,1.0,0.0
2026-02-04 00:05:42.305000+00:00,33.0,1.0,0.0
2026-02-04 00:05:54.829000+00:00,34.0,1.0,0.0
2026-02-04 00:06:05.851000+00:00,35.0,1.0,0.0
2026-02-04 00:06:16.369000+00:00,36.0,1.0,0.0
2026-02-04 00:06:35.907000+00:00,37.0,1.0,0.0
2026-02-04 00:06:48.426000+00:00,38.0,1.0,0.0
2026-02-04 00:07:04.954000+00:00,39.0,1.0,0.0
2026-02-04 00:07:15.972000+00:00,40.0,1.0,0.0
2026-02-04 00:07:23.486000+00:00,41.0,1.0,0.0
2026-02-04 00:07:40.012000+00:00,42.0,1.0,0.0
2026-02-04 00:07:54.538000+00:00,43.0,1.0,0.0
2026-02-04 00:08:06.060000+00:00,44.0,1.0,0.0
2026-02-04 00:08:23.593000+00:00,45.0,1.0,0.0
2026-02-04 00:08:33.109000+00:00,46.0,1.0,0.0
2026-02-04 00:08:46.131000+00:00,47.0,1.0,0.0
2026-02-04 00:09:03.665000+00:00,48.0,1.0,0.0
2026-02-04 00:09:13.181000+00:00,49.0,1.0,0.0
2026-02-04 00:09:24.703000+00:00,50.0,1.0,0.0
2026-02-04 00:09:37.728000+00:00,51.0,1.0,0.0
2026-02-04 00:09:54.259000+00:00,52.0,1.0,0.0
2026-02-04 00:10:13.295000+00:00,53.0,1.0,0.0
2026-02-04 00:10:24.314000+00:00,54.0,1.0,0.0
2026-02-04 00:10:38.841000+00:00,55.0,1.0,0.0
2026-02-04 00:10:49.861000+00:00,56.0,1.0,0.0
2026-02-04 00:11:02.885000+00:00,57.0,1.0,0.0
2026-02-04 00:11:16.911000+00:00,58.0,1.0,0.0
2026-02-04 00:11:31.437000+00:00,59.0,1.0,0.0
2026-02-04 00:11:44.462000+00:00,60.0,1.0,0.0
2026-02-04 00:11:57.484000+00:00,61.0,1.0,0.0
2026-02-04 00:12:12.011000+00:00,62.0,1.0,0.0
2026-02-04 00:12:27.041000+00:00,63.0,1.0,0.0
2026-02-04 00:12:36.059000+00:00,64.0,1.0,0.0
2026-02-04 00:12:50.084000+00:00,65.0,1.0,0.0
2026-02-04 00:13:01.103000+00:00,66.0,1.0,0.0
2026-02-04 00:13:15.635000+00:00,67.0,1.0,0.0
2026-02-04 00:13:25.658000+00:00,68.0,1.0,0.0
2026-02-04 00:13:34.674000+00:00,69.0,1.0,0.0
2026-02-04 00:13:46.194000+00:00,70.0,1.0,0.0
2026-02-04 00:13:55.208000+00:00,71.0,1.0,0.0
2026-02-04 00:14:07.232000+00:00,72.0,1.0,0.0
2026-02-04 00:14:18.751000+00:00,73.0,1.0,0.0
2026-02-04 00:14:33.780000+00:00,74.0,1.0,0.0
2026-02-04 00:14:43.299000+00:00,75.0,1.0,0.0
2026-02-04 00:14:53.314000+00:00,76.0,1.0,0.0
2026-02-04 00:15:02.833000+00:00,77.0,1.0,0.0
2026-02-04 00:15:17.360000+00:00,78.0,1.0,0.0
2026-02-04 00:15:29.383000+00:00,79.0,1.0,0.0
2026-02-04 00:15:43.408000+00:00,80.0,1.0,0.0
2026-02-04 00:15:55.433000+00:00,81.0,1.0,0.0
2026-02-04 00:16:02.947000+00:00,82.0,1.0,0.0
2026-02-04 00:16:14.970000+00:00,83.0,1.0,0.0
2026-02-04 00:16:26.489000+00:00,84.0,1.0,0.0
2026-02-04 00:16:37.007000+00:00,85.0,1.0,0.0
2026-02-04 00:16:54.543000+00:00,86.0,1.0,0.0
2026-02-04 00:17:03.560000+00:00,87.0,1.0,0.0
2026-02-04 00:17:13.578000+00:00,88.0,1.0,0.0
2026-02-04 00:17:24.099000+00:00,89.0,1.0,0.0
2026-02-04 00:17:34.619000+00:00,90.0,1.0,0.0
2026-02-04 00:17:43.632000+00:00,91.0,1.0,0.0
2026-02-04 00:18:04.669000+00:00,92.0,1.0,0.0
2026-02-04 00:18:12.685000+00:00,93.0,1.0,0.0
2026-02-04 00:18:26.209000+00:00,94.0,1.0,0.0
2026-02-04 00:18:35.226000+00:00,95.0,1.0,0.0
2026-02-04 00:18:47.750000+00:00,96.0,1.0,0.0
2026-02-04 00:18:58.291000+00:00,97.0,1.0,0.0
2026-02-04 00:19:16.323000+00:00,98.0,1.0,0.0
2026-02-04 00:19:25.840000+00:00,99.0,1.0,0.0
2026-02-04 00:19:38.864000+00:00,100.0,1.0,0.0
2026-02-04 00:19:47.379000+00:00,101.0,1.0,0.0
2026-02-04 00:19:59.902000+00:00,102.0,1.0,0.0
2026-02-04 00:20:07.415000+00:00,103.0,1.0,0.0
2026-02-04 00:20:26.451000+00:00,104.0,1.0,0.0
2026-02-04 00:20:34.967000+00:00,105.0,1.0,0.0
2026-02-04 00:20:46.489000+00:00,106.0,1.0,0.0
2026-02-04 00:20:57.010000+00:00,107.0,1.0,0.0
2026-02-04 00:21:10.030000+00:00,108.0,1.0,0.0
2026-02-04 00:21:20.050000+00:00,109.0,1.0,0.0
2026-02-04 00:21:37.080000+00:00,110.0,1.0,0.0
2026-02-04 00:21:46.096000+00:00,111.0,1.0,0.0
2026-02-04 00:22:00.121000+00:00,112.0,1.0,0.0
2026-02-04 00:22:10.639000+00:00,113.0,1.0,0.0
2026-02-04 00:22:19.654000+00:00,114.0,1.0,0.0
2026-02-04 00:22:33.182000+00:00,115.0,1.0,0.0
2026-02-04 00:22:46.707000+00:00,116.0,1.0,0.0
2026-02-04 00:23:01.735000+00:00,117.0,1.0,0.0
2026-02-04 00:23:11.754000+00:00,118.0,1.0,0.0
2026-02-04 00:23:23.276000+00:00,119.0,1.0,0.0
2026-02-04 00:23:31.786000+00:00,120.0,1.0,0.0
2026-02-04 00:23:44.309000+00:00,121.0,1.0,0.0
2026-02-04 00:25:08.428000+00:00,1.0,-120.0,-121.0
2026-02-04 00:25:33.010000+00:00,2.0,1.0,121.0
2026-02-04 00:25:43.529000+00:00,3.0,1.0,0.0
2026-02-04 00:25:51.041000+00:00,4.0,1.0,0.0
2026-02-04 00:26:00.557000+00:00,5.0,1.0,0.0
